target_chembl_id, target_uniprot_id, pref_name, canonical_smiles, IC50 uM, molecule_chembl_id, assay_chembl_id, pdb_comp_id
CHEMBL2074, O43451, Maltase-glucoamylase, OC[C@H]1NC[C@H](O)[C@@H](O)[C@@H]1O, 360.0, CHEMBL710106, CHEMBL307429, NOJ
CHEMBL2074, O43451, Maltase-glucoamylase, OC[C@H]1NC[C@@H](O)[C@@H]1O, 55000.0, CHEMBL710106, CHEMBL80254, 1AB
CHEMBL2074, O43451, Maltase-glucoamylase, OC[C@H]1N[C@H](CO)[C@@H](O)[C@@H]1O, 50000.0, CHEMBL710107, CHEMBL312653, DQQ
CHEMBL2074, O43451, Maltase-glucoamylase, CCCCN1C[C@H](O)[C@@H](O)[C@H](O)[C@H]1CO, 2100.0, CHEMBL710107, CHEMBL1029, NBV
CHEMBL2074, O43451, Maltase-glucoamylase, O=c1c(-c2ccc(O)cc2)coc2cc(O)cc(O)c12, 10400.0, CHEMBL646887, CHEMBL44, GEN
CHEMBL2074, O43451, Maltase-glucoamylase, O=c1c(-c2ccc(O)cc2)coc2cc(O)cc(O)c12, 2610.0, CHEMBL646886, CHEMBL44, GEN
CHEMBL2074, O43451, Maltase-glucoamylase, N[C@H]1C=C(CO)[C@@H](O)[C@H](O)[C@H]1O, 100000.0, CHEMBL646884, CHEMBL1230806, ACI
CHEMBL2074, O43451, Maltase-glucoamylase, N[C@H]1C=C(CO)[C@@H](O)[C@H](O)[C@H]1O, 340000.0, CHEMBL710105, CHEMBL1230806, ACI
CHEMBL2074, O43451, Maltase-glucoamylase, N[C@H]1C[C@](O)(CO)[C@@H](O)[C@H](O)[C@H]1O, 2200.0, CHEMBL710105, CHEMBL222396, W9S
CHEMBL2074, O43451, Maltase-glucoamylase, OC[C@H]1NC[C@H](O)[C@@H](O)[C@@H]1O, 40.0, CHEMBL827835, CHEMBL307429, NOJ
CHEMBL2074, O43451, Maltase-glucoamylase, OC[C@H]1NC[C@H](O)[C@@H](O)[C@@H]1O, 2000.0, CHEMBL1099881, CHEMBL307429, NOJ
CHEMBL2074, O43451, Maltase-glucoamylase, OCCN1C[C@H](O)[C@@H](O)[C@H](O)[C@H]1CO, 6000.0, CHEMBL1099881, CHEMBL1561, MIG
CHEMBL2074, O43451, Maltase-glucoamylase, CCCCN1C[C@H](O)[C@@H](O)[C@H](O)[C@H]1CO, 9000.0, CHEMBL1099881, CHEMBL1029, NBV
CHEMBL2074, O43451, Maltase-glucoamylase, OC[C@H]1NC[C@H](O)[C@@H](O)[C@H]1O, 1500.0, CHEMBL1099881, CHEMBL110458, DGJ
CHEMBL2074, O43451, Maltase-glucoamylase, C[C@H]1O[C@H](O[C@@H]2[C@@H](CO)O[C@H](O[C@@H]3[C@@H](CO)O[C@@H](O)[C@H](O)[C@H]3O)[C@H](O)[C@H]2O)[C@H](O)[C@@H](O)[C@@H]1N[C@H]1C=C(CO)[C@@H](O)[C@H](O)[C@H]1O, 906000.0, CHEMBL3411113, CHEMBL1566, 412
CHEMBL2074, O43451, Maltase-glucoamylase, OCC(CO)N[C@H]1C[C@](O)(CO)[C@@H](O)[C@H](O)[C@H]1O, 1300.0, CHEMBL3815265, CHEMBL476960, VOG
CHEMBL2074, O43451, Maltase-glucoamylase, OCCN1C[C@H](O)[C@@H](O)[C@H](O)[C@H]1CO, 3700.0, CHEMBL3815265, CHEMBL1561, MIG
CHEMBL2074, O43451, Maltase-glucoamylase, OCC(CO)N[C@H]1C[C@](O)(CO)[C@@H](O)[C@H](O)[C@H]1O, 1300.0, CHEMBL4679414, CHEMBL476960, VOG
CHEMBL2074, O43451, Maltase-glucoamylase, OCCN1C[C@H](O)[C@@H](O)[C@H](O)[C@H]1CO, 3700.0, CHEMBL4679414, CHEMBL1561, MIG
CHEMBL1827, None, Phosphodiesterase 5A, COc1ccc([C@]2(C#N)CC[C@@H](C(=O)O)CC2)cc1OC1CCCC1, 10000.0, CHEMBL762830, CHEMBL511115, CIO
CHEMBL1827, None, Phosphodiesterase 5A, CN1CC(=O)N2[C@H](Cc3c([nH]c4ccccc34)[C@H]2c2ccc3c(c2)OCO3)C1=O, 6.7, CHEMBL762824, CHEMBL779, CIA
CHEMBL1827, None, Phosphodiesterase 5A, CCCc1nn(C)c2c(=O)[nH]c(-c3cc(S(=O)(=O)N4CCN(C)CC4)ccc3OCC)nc12, 3.5, CHEMBL760590, CHEMBL192, VIA
CHEMBL1827, None, Phosphodiesterase 5A, OCCN(CCO)c1nc(N2CCCCC2)c2nc(N(CCO)CCO)nc(N3CCCCC3)c2n1, 574.0, CHEMBL762503, CHEMBL932, H9F
CHEMBL1827, None, Phosphodiesterase 5A, Cc1[nH]c(=O)c(C#N)cc1-c1ccncc1, 100000.0, CHEMBL762502, CHEMBL189, MIL
CHEMBL1827, None, Phosphodiesterase 5A, Cc1[nH]c(=O)c(C#N)cc1-c1ccncc1, 110000.0, CHEMBL762819, CHEMBL189, MIL
CHEMBL1827, None, Phosphodiesterase 5A, CCCc1nn(C)c2c(=O)[nH]c(-c3cc(S(=O)(=O)N4CCN(C)CC4)ccc3OCC)nc12, 1.6, CHEMBL762822, CHEMBL192, VIA
CHEMBL1827, None, Phosphodiesterase 5A, c1ccc(-c2nc(NCc3ccco3)c3ccccc3n2)cc1, 4700.0, CHEMBL762819, CHEMBL332686, 74U
CHEMBL1827, None, Phosphodiesterase 5A, Cc1[nH]c(=O)c(C#N)cc1-c1ccncc1, 740.0, CHEMBL768661, CHEMBL189, MIL
CHEMBL1827, None, Phosphodiesterase 5A, CN1CC(=O)N2[C@H](Cc3c([nH]c4ccccc34)[C@H]2c2ccc3c(c2)OCO3)C1=O, 1.3, CHEMBL762826, CHEMBL779, CIA
CHEMBL1827, None, Phosphodiesterase 5A, CCCc1nc(C)c2c(=O)nc(-c3cc(S(=O)(=O)N4CCN(CC)CC4)ccc3OCC)[nH]n12, 0.7, CHEMBL762826, CHEMBL1520, VDN
CHEMBL1827, None, Phosphodiesterase 5A, CCCc1nn(C)c2c(=O)[nH]c(-c3cc(S(=O)(=O)N4CCN(C)CC4)ccc3OCC)nc12, 1.6, CHEMBL762826, CHEMBL192, VIA
CHEMBL1827, None, Phosphodiesterase 5A, CCCc1nn(C)c2c(=O)[nH]c(-c3cc(S(=O)(=O)N4CCN(C)CC4)ccc3OCC)nc12, 1.6, CHEMBL762818, CHEMBL192, VIA
CHEMBL1827, None, Phosphodiesterase 5A, CCCc1nn(C)c2c(=O)[nH]c(-c3cc(S(=O)(=O)N4CCN(C)CC4)ccc3OCC)nc12, 3.5, CHEMBL762825, CHEMBL192, VIA
CHEMBL1827, None, Phosphodiesterase 5A, COc1ccc(Cc2nccc3cc(OC)c(OC)cc23)cc1OC, 8800.0, CHEMBL822071, CHEMBL19224, EV1
CHEMBL1827, None, Phosphodiesterase 5A, CCCc1nn(C)c2c(=O)[nH]c(-c3cc(S(=O)(=O)N4CCN(C)CC4)ccc3OCC)nc12, 3.6, CHEMBL762509, CHEMBL192, VIA
CHEMBL1827, None, Phosphodiesterase 5A, CCCc1nn(C)c2c(=O)[nH]c(-c3cc(S(=O)(=O)N4CCN(C)CC4)ccc3OCC)nc12, 3.0, CHEMBL762823, CHEMBL192, VIA
CHEMBL1827, None, Phosphodiesterase 5A, OCCN(CCO)c1nc(N2CCCCC2)c2nc(N(CCO)CCO)nc(N3CCCCC3)c2n1, 520.0, CHEMBL822071, CHEMBL932, H9F
CHEMBL1827, None, Phosphodiesterase 5A, CCCc1nn(C)c2c(=O)[nH]c(-c3cc(S(=O)(=O)N4CCN(C)CC4)ccc3OCC)nc12, 6.6, CHEMBL762828, CHEMBL192, VIA
CHEMBL1827, None, Phosphodiesterase 5A, CCCc1nn(C)c2c(=O)[nH]c(-c3cc(S(=O)(=O)N4CCN(C)CC4)ccc3OCC)nc12, 1.6, CHEMBL757897, CHEMBL192, VIA
CHEMBL1827, None, Phosphodiesterase 5A, CCCc1nn(C)c2c(=O)[nH]c(-c3cc(S(=O)(=O)N4CCN(C)CC4)ccc3OCC)nc12, 11.0, CHEMBL762827, CHEMBL192, VIA
CHEMBL1827, None, Phosphodiesterase 5A, CCCc1nn(C)c2c(=O)[nH]c(-c3cc(S(=O)(=O)N4CCN(C)CC4)ccc3OCC)nc12, 1.78, CHEMBL762508, CHEMBL192, VIA
CHEMBL1827, None, Phosphodiesterase 5A, CCCc1nn(C)c2c(=O)[nH]c(-c3cc(S(=O)(=O)N4CCN(C)CC4)ccc3OCC)nc12, 1.6, CHEMBL762820, CHEMBL192, VIA
CHEMBL1827, None, Phosphodiesterase 5A, COc1cc(-c2ccc(=O)[nH]n2)ccc1OC(F)F, 10000.0, CHEMBL762827, CHEMBL313842, ZAR
CHEMBL1827, None, Phosphodiesterase 5A, OCc1ccc(-c2nn(Cc3ccccc3)c3ccccc23)o1, 31900.0, CHEMBL757899, CHEMBL333985, YC1
CHEMBL1827, None, Phosphodiesterase 5A, CC(C)Cn1c(=O)n(C)c(=O)c2nc[nH]c21, 63000.0, CHEMBL757898, CHEMBL275084, IBM
CHEMBL1827, None, Phosphodiesterase 5A, CCCc1nn(C)c2c(=O)[nH]c(-c3cc(S(=O)(=O)N4CCN(C)CC4)ccc3OCC)nc12, 1.6, CHEMBL762831, CHEMBL192, VIA
CHEMBL1827, None, Phosphodiesterase 5A, CCCc1nn(C)c2c(=O)[nH]c(-c3cc(S(=O)(=O)N4CCN(C)CC4)ccc3OCC)nc12, 6.6, CHEMBL828414, CHEMBL192, VIA
CHEMBL1827, None, Phosphodiesterase 5A, CCCc1nn(C)c2c(=O)[nH]c(-c3cc(S(=O)(=O)N4CCN(C)CC4)ccc3OCC)nc12, 3.5, CHEMBL831692, CHEMBL192, VIA
CHEMBL1827, None, Phosphodiesterase 5A, CCCc1nc(C)c2c(=O)nc(-c3cc(S(=O)(=O)N4CCN(CC)CC4)ccc3OCC)[nH]n12, 0.2, CHEMBL831692, CHEMBL1520, VDN
CHEMBL1827, None, Phosphodiesterase 5A, CN1CC(=O)N2[C@H](Cc3c([nH]c4ccccc34)[C@H]2c2ccc3c(c2)OCO3)C1=O, 4.0, CHEMBL831692, CHEMBL779, CIA
CHEMBL1827, None, Phosphodiesterase 5A, CCCc1nn(C)c2c(=O)[nH]c(-c3cc(S(=O)(=O)N4CCN(C)CC4)ccc3OCC)nc12, 3.0, CHEMBL832838, CHEMBL192, VIA
CHEMBL1827, None, Phosphodiesterase 5A, CCCc1nn(C)c2c(=O)[nH]c(-c3cc(S(=O)(=O)N4CCN(C)CC4)ccc3OCC)nc12, 20.0, CHEMBL827930, CHEMBL192, VIA
CHEMBL1827, None, Phosphodiesterase 5A, CCCCCC[C@H]([C@H](C)O)n1cnc2c(N)ncnc21, 16000.0, CHEMBL854357, CHEMBL296435, EH9
CHEMBL1827, None, Phosphodiesterase 5A, CCCc1nn(C)c2c(=O)[nH]c(-c3cc(S(=O)(=O)N4CCN(C)CC4)ccc3OCC)nc12, 3.5, CHEMBL860521, CHEMBL192, VIA
CHEMBL1827, None, Phosphodiesterase 5A, CCCc1nn(C)c2c(=O)[nH]c(-c3cc(S(=O)(=O)N4CCN(C)CC4)ccc3OCC)nc12, 20.0, CHEMBL871523, CHEMBL192, VIA
CHEMBL1827, None, Phosphodiesterase 5A, CCCc1nn(C)c2c(=O)[nH]c(-c3cc(S(=O)(=O)N4CCN(C)CC4)ccc3OCC)nc12, 562341325190.35, CHEMBL906422, CHEMBL192, VIA
CHEMBL1827, None, Phosphodiesterase 5A, CCCc1nn(C)c2c(=O)[nH]c(-c3cc(S(=O)(=O)N4CCN(C)CC4)ccc3OCC)nc12, 53.0, CHEMBL989632, CHEMBL192, VIA
CHEMBL1827, None, Phosphodiesterase 5A, CCCc1nn(C)c2c(=O)[nH]c(-c3cc(S(=O)(=O)N4CCN(C)CC4)ccc3OCC)nc12, 75.0, CHEMBL998833, CHEMBL192, VIA
CHEMBL1827, None, Phosphodiesterase 5A, CN1CC(=O)N2[C@H](Cc3c([nH]c4ccccc34)[C@H]2c2ccc3c(c2)OCO3)C1=O, 5.012, CHEMBL968866, CHEMBL779, CIA
CHEMBL1827, None, Phosphodiesterase 5A, CCCc1nc(C)c2c(=O)nc(-c3cc(S(=O)(=O)N4CCN(CC)CC4)ccc3OCC)[nH]n12, 0.7079, CHEMBL968866, CHEMBL1520, VDN
CHEMBL1827, None, Phosphodiesterase 5A, CCCc1nn(C)c2c(=O)[nH]c(-c3cc(S(=O)(=O)N4CCN(C)CC4)ccc3OCC)nc12, 6.607, CHEMBL968866, CHEMBL192, VIA
CHEMBL1827, None, Phosphodiesterase 5A, CCCc1nn(C)c2c(=O)[nH]c(-c3cc(S(=O)(=O)N4CCN(C)CC4)ccc3OCC)nc12, 3.631, CHEMBL968866, CHEMBL192, VIA
CHEMBL1827, None, Phosphodiesterase 5A, CCCc1nn(C)c2c(=O)[nH]c(-c3cc(S(=O)(=O)N4CCN(C)CC4)ccc3OCC)nc12, 3.5, CHEMBL962323, CHEMBL192, VIA
CHEMBL1827, None, Phosphodiesterase 5A, CCCOCCn1c(=O)c(NCCN2CCOCC2)nc2ccc(-c3ccc(OC)nc3)nc21, 2.9, CHEMBL1059718, CHEMBL564374, PD4
CHEMBL1827, None, Phosphodiesterase 5A, CCCOCCn1c(=O)c(NCCN2CCOCC2)nc2cnc(-c3ccc(OC)nc3)cc21, 0.07, CHEMBL1059718, CHEMBL551052, TGE
CHEMBL1827, None, Phosphodiesterase 5A, CCCOCCn1c(=O)c(NCCN2CCOCC2)nc2ccc(-c3ccc(OC)nc3)nc21, 2.4, CHEMBL1058319, CHEMBL564374, PD4
CHEMBL1827, None, Phosphodiesterase 5A, CCCOCCn1c(=O)c(NCCN2CCOCC2)nc2cnc(-c3ccc(OC)nc3)cc21, 0.07, CHEMBL1042744, CHEMBL551052, TGE
CHEMBL1827, None, Phosphodiesterase 5A, CN1CC(=O)N2[C@H](Cc3c([nH]c4ccccc34)[C@H]2c2ccc3c(c2)OCO3)C1=O, 4.0, CHEMBL1107382, CHEMBL779, CIA
CHEMBL1827, None, Phosphodiesterase 5A, CCCc1nn(C)c2c(=O)[nH]c(-c3cc(S(=O)(=O)N4CCN(C)CC4)ccc3OCC)nc12, 3.5, CHEMBL1106508, CHEMBL192, VIA
CHEMBL1827, None, Phosphodiesterase 5A, CCCc1nc(C)c2c(C)nc3ccc(OC)nc3n12, 919.0, CHEMBL1119717, CHEMBL1086110, Z73
CHEMBL1827, None, Phosphodiesterase 5A, Cc1nc2c3ccccc3nc(SCc3nc4ccccc4[nH]3)n2n1, 10000.0, CHEMBL1646321, CHEMBL1641615, AXC
CHEMBL1827, None, Phosphodiesterase 5A, CN1CC(=O)N2[C@H](Cc3c([nH]c4ccccc34)[C@H]2c2ccc3c(c2)OCO3)C1=O, 3.0, CHEMBL1664617, CHEMBL779, CIA
CHEMBL1827, None, Phosphodiesterase 5A, CC(C)C(=O)c1c(C(C)C)nn2ccccc12, 103000.0, CHEMBL1780353, CHEMBL19449, AVL
CHEMBL1827, None, Phosphodiesterase 5A, CCc1c(C)nc(-c2ccc(Cl)s2)nc1Nc1ccc(CC(=O)O)cc1, 2000.0, CHEMBL1786307, CHEMBL1782306, 19T
CHEMBL1827, None, Phosphodiesterase 5A, CCc1oc2ccccc2c1C(=O)c1cc(Br)c(O)c(Br)c1, None, CHEMBL1909186, CHEMBL388590, R75
CHEMBL1827, None, Phosphodiesterase 5A, CCCCCC[C@H]1C(=O)O[C@H](C)[C@H](NC(=O)c2cccc(NC=O)c2O)C(=O)O[C@@H](C)[C@@H]1OC(=O)CC(C)C, None, CHEMBL1909186, CHEMBL211501, AWB
CHEMBL1827, None, Phosphodiesterase 5A, O=C(O)CCNC(=O)c1ccccc1, None, CHEMBL1909186, CHEMBL1231530, BYA
CHEMBL1827, None, Phosphodiesterase 5A, Brc1c(NC2=NCCN2)ccc2nccnc12, None, CHEMBL1909186, CHEMBL844, J59
CHEMBL1827, None, Phosphodiesterase 5A, CO[C@H]1[C@@H](O)[C@H](N)[C@@H](O[C@H]2O[C@H]([C@H](C)N)CC[C@H]2N)[C@H](O)[C@@H]1N(C)C(=O)CN, None, CHEMBL1909186, CHEMBL3084803, 250
CHEMBL1827, None, Phosphodiesterase 5A, [N-]=[N+]=CC(=O)OC[C@H](N)C(=O)O, None, CHEMBL1909186, CHEMBL1095699, AZS
CHEMBL1827, None, Phosphodiesterase 5A, NCC(CC(=O)O)c1ccc(Cl)cc1, None, CHEMBL1909186, CHEMBL701, 282
CHEMBL1827, None, Phosphodiesterase 5A, O=C(/C=C/c1ccc(O)c(O)c1)OCCc1ccccc1, None, CHEMBL1909186, CHEMBL319244, QAP
CHEMBL1827, None, Phosphodiesterase 5A, Cc1cc(=O)n(-c2ccccc2)n1C, None, CHEMBL1909186, CHEMBL277474, 861
CHEMBL1827, None, Phosphodiesterase 5A, OC[C@H]1O[C@@H]2O[C@@H]3[C@@H](CO)O[C@H](O[C@@H]4[C@@H](CO)O[C@H](O[C@@H]5[C@@H](CO)O[C@H](O[C@@H]6[C@@H](CO)O[C@H](O[C@@H]7[C@@H](CO)O[C@H](O[C@@H]8[C@@H](CO)O[C@H](O[C@H]1[C@H](O)[C@H]2O)[C@H](O)[C@H]8O)[C@H](O)[C@H]7O)[C@H](O)[C@H]6O)[C@H](O)[C@H]5O)[C@H](O)[C@H]4O)[C@H](O)[C@H]3O, None, CHEMBL1909186, CHEMBL415690, 302
CHEMBL1827, None, Phosphodiesterase 5A, CC(C)(Oc1ccc(CCNC(=O)c2ccc(Cl)cc2)cc1)C(=O)O, None, CHEMBL1909186, CHEMBL264374, PEM
CHEMBL1827, None, Phosphodiesterase 5A, Nc1c(CC(=O)O)cccc1C(=O)c1ccc(Br)cc1, None, CHEMBL1909186, CHEMBL1077, 27R
CHEMBL1827, None, Phosphodiesterase 5A, CC(NC(C)(C)C)C(=O)c1cccc(Cl)c1, None, CHEMBL1909186, CHEMBL894, 444
CHEMBL1827, None, Phosphodiesterase 5A, NC(=O)N1c2ccccc2C=Cc2ccccc21, None, CHEMBL1909186, CHEMBL108, N6W
CHEMBL1827, None, Phosphodiesterase 5A, CC(C)NCC(O)COc1ccc(CC(N)=O)cc1, None, CHEMBL1909186, CHEMBL24, 548
CHEMBL1827, None, Phosphodiesterase 5A, CN1C(=O)COc2c(C(=O)NC3CN4CCC3CC4)cc(Cl)cc21, None, CHEMBL1909186, CHEMBL1598608, 267
CHEMBL1827, None, Phosphodiesterase 5A, O=C(O)CCNC(=O)c1ccc(/N=N/c2ccc(O)c(C(=O)O)c2)cc1, None, CHEMBL1909186, CHEMBL1201346, 284
CHEMBL1827, None, Phosphodiesterase 5A, O=C1CC2(CCCC2)CC(=O)N1CCCCN1CCN(c2ncccn2)CC1, None, CHEMBL1909186, CHEMBL49, 437
CHEMBL1827, None, Phosphodiesterase 5A, Cn1c(=O)c2c(ncn2C)n(C)c1=O, None, CHEMBL1909186, CHEMBL113, CFF
CHEMBL1827, None, Phosphodiesterase 5A, C[C@]12CC[C@@H]3c4ccc(O)cc4CC[C@H]3[C@@H]1CC[C@@H]2O, None, CHEMBL1909186, CHEMBL135, EST
CHEMBL1827, None, Phosphodiesterase 5A, CN(Cc1cc(Br)cc(Br)c1N)C1CCCCC1, None, CHEMBL1909186, CHEMBL253376, 402
CHEMBL1827, None, Phosphodiesterase 5A, CCOC(=O)n1ccn(C)c1=S, None, CHEMBL1909186, CHEMBL508102, 497
CHEMBL1827, None, Phosphodiesterase 5A, CC(C)c1c(C(=O)Nc2ccccc2)c(-c2ccccc2)c(-c2ccc(F)cc2)n1CC[C@@H](O)C[C@@H](O)CC(=O)O, None, CHEMBL1909186, CHEMBL1487, 117
CHEMBL1827, None, Phosphodiesterase 5A, Cn1cnc([N+](=O)[O-])c1Sc1ncnc2nc[nH]c12, None, CHEMBL1909186, CHEMBL1542, 269
CHEMBL1827, None, Phosphodiesterase 5A, CN(C)C(=O)Oc1cc(OC(=O)N(C)C)cc(C(O)CNC(C)(C)C)c1, None, CHEMBL1909186, CHEMBL521589, 285
CHEMBL1827, None, Phosphodiesterase 5A, CS(=O)(=O)OCCCCOS(C)(=O)=O, None, CHEMBL1909186, CHEMBL820, 438
CHEMBL1827, None, Phosphodiesterase 5A, CC[C@@]1(O)C(=O)OCc2c1cc1n(c2=O)Cc2cc3ccccc3nc2-1, None, CHEMBL1909186, CHEMBL65, EHD
CHEMBL1827, None, Phosphodiesterase 5A, CO[C@H]1O[C@@H]2O[C@@]3(C)CC[C@H]4[C@H](C)CC[C@@H]([C@H]1C)[C@]42OO3, None, CHEMBL1909186, CHEMBL566534, D8Z
CHEMBL1827, None, Phosphodiesterase 5A, CC(=O)Oc1ccc(C(c2ccc(OC(C)=O)cc2)c2ccccn2)cc1, None, CHEMBL1909186, CHEMBL942, 375
CHEMBL1827, None, Phosphodiesterase 5A, CCOC(=O)c1ccc(N)cc1, None, CHEMBL1909186, CHEMBL278172, 323
CHEMBL1827, None, Phosphodiesterase 5A, CCOc1nc2cccc(C(=O)O)c2n1Cc1ccc(-c2ccccc2-c2nnn[nH]2)cc1, None, CHEMBL1909186, CHEMBL1016, 587
CHEMBL1827, None, Phosphodiesterase 5A, CC(C)(c1ccc(O)cc1)c1ccc(O)cc1, None, CHEMBL1909186, CHEMBL418971, 2OH
CHEMBL1827, None, Phosphodiesterase 5A, CN1[C@H]2CC[C@@H]1C[C@H](OC(=O)C(CO)c1ccccc1)C2, None, CHEMBL1909186, CHEMBL517712, 320
CHEMBL1827, None, Phosphodiesterase 5A, CC[C@H]1OC(=O)[C@H](C)[C@@H](O[C@H]2C[C@@](C)(OC)[C@@H](O)[C@H](C)O2)[C@H](C)[C@@H](O[C@@H]2O[C@H](C)C[C@H](N(C)C)[C@H]2O)[C@](C)(O)C[C@@H](C)CN(C)[C@H](C)[C@@H](O)[C@]1(C)O, None, CHEMBL1909186, CHEMBL529, ZIT
CHEMBL1827, None, Phosphodiesterase 5A, C[C@H]1C[C@H]2[C@@H]3CCC4=CC(=O)C=C[C@]4(C)[C@@]3(Cl)[C@@H](O)C[C@]2(C)[C@@]1(O)C(=O)CO, None, CHEMBL1909186, CHEMBL1586, GXR
CHEMBL1827, None, Phosphodiesterase 5A, O=C(O)c1ccccc1, None, CHEMBL1909186, CHEMBL541, BEZ
CHEMBL1827, None, Phosphodiesterase 5A, CN(Cc1ccc(C(C)(C)C)cc1)Cc1cccc2ccccc12, None, CHEMBL1909186, CHEMBL990, 444
CHEMBL1827, None, Phosphodiesterase 5A, COc1ccc(C(=O)N2CCCC2=O)cc1, None, CHEMBL1909186, CHEMBL36994, 4MP
CHEMBL1827, None, Phosphodiesterase 5A, O=C1O[C@H]([C@@H](O)CO)C(O)=C1O, None, CHEMBL1909186, CHEMBL196, ASC
CHEMBL1827, None, Phosphodiesterase 5A, CNCCc1ccccn1, None, CHEMBL1909186, CHEMBL24441, 346
CHEMBL1827, None, Phosphodiesterase 5A, Oc1c(Cl)cc(Cl)cc1Sc1cc(Cl)cc(Cl)c1O, None, CHEMBL1909186, CHEMBL290106, B1T
CHEMBL1827, None, Phosphodiesterase 5A, CC(C)C[C@H]1C(=O)N2CCC[C@H]2[C@]2(O)O[C@](NC(=O)[C@@H]3C=C4c5cccc6[nH]c(Br)c(c56)C[C@H]4N(C)C3)(C(C)C)C(=O)N12, None, CHEMBL1909186, CHEMBL493, 08Y
CHEMBL1827, None, Phosphodiesterase 5A, CC1(C)S[C@@H]2[C@H](NC(=O)[C@H](NC(=O)N3CCNC3=O)c3ccccc3)C(=O)N2[C@H]1C(=O)O, None, CHEMBL1909186, CHEMBL1537, 277
CHEMBL1827, None, Phosphodiesterase 5A, CCOC(=O)[C@H](CCc1ccccc1)N[C@H]1CCc2ccccc2N(CC(=O)O)C1=O, None, CHEMBL1909186, CHEMBL838, 299
CHEMBL1827, None, Phosphodiesterase 5A, CC(N)Cc1c[nH]c2ccc(OCc3cccs3)cc12, None, CHEMBL1909186, CHEMBL1255834, 161
CHEMBL1827, None, Phosphodiesterase 5A, COc1cc(CNC(=O)CCCC/C=C/C(C)C)ccc1O, None, CHEMBL1909186, CHEMBL294199, 4DY
CHEMBL1827, None, Phosphodiesterase 5A, COc1ccc(C2C(=O)c3ccccc3C2=O)cc1, None, CHEMBL1909186, CHEMBL712, 222
CHEMBL1827, None, Phosphodiesterase 5A, CC(=O)Oc1ccccc1C(=O)O, None, CHEMBL1909186, CHEMBL25, AIN
CHEMBL1827, None, Phosphodiesterase 5A, CN1[C@H]2CC[C@@H]1C[C@H](OC(c1ccccc1)c1ccccc1)C2, None, CHEMBL1909186, CHEMBL1201203, CXQ
CHEMBL1827, None, Phosphodiesterase 5A, C[C@H]1C[C@H]2[C@@H]3CCC4=CC(=O)C=C[C@]4(C)[C@@]3(F)[C@@H](O)C[C@]2(C)[C@@]1(O)C(=O)CO, None, CHEMBL1909186, CHEMBL632, 348
CHEMBL1827, None, Phosphodiesterase 5A, CCCC1O[C@@H]2C[C@H]3[C@@H]4CCC5=CC(=O)C=C[C@]5(C)[C@H]4[C@@H](O)C[C@]3(C)[C@]2(C(=O)CO)O1, None, CHEMBL1909186, CHEMBL1370, 419
CHEMBL1827, None, Phosphodiesterase 5A, Nc1ncn([C@@H]2O[C@H](CO)[C@@H](O)[C@H]2O)c(=O)n1, None, CHEMBL1909186, CHEMBL1489, 5AE
CHEMBL1827, None, Phosphodiesterase 5A, C[C@H]1[C@H](NC(=O)/C(=N\OC(C)(C)C(=O)O)c2csc(N)n2)C(=O)N1S(=O)(=O)O, None, CHEMBL1909186, CHEMBL158, 279
CHEMBL1827, None, Phosphodiesterase 5A, CC(C(=O)O)c1ccc2oc(-c3ccc(Cl)cc3)nc2c1, None, CHEMBL1909186, CHEMBL340978, 311
CHEMBL1827, None, Phosphodiesterase 5A, C[C@H](CS)C(=O)N1CCC[C@H]1C(=O)O, None, CHEMBL1909186, CHEMBL1560, X8Z
CHEMBL1827, None, Phosphodiesterase 5A, COc1ccc(C[C@H]2NC[C@H](O)[C@H]2OC(C)=O)cc1, None, CHEMBL1909186, CHEMBL423192, ANM
CHEMBL1827, None, Phosphodiesterase 5A, COc1ccc(CCN2CCC(Nc3nc4ccccc4n3Cc3ccc(F)cc3)CC2)cc1, None, CHEMBL1909186, CHEMBL296419, XB7
CHEMBL1827, None, Phosphodiesterase 5A, OCc1ccccc1, None, CHEMBL1909186, CHEMBL720, 010
CHEMBL1827, None, Phosphodiesterase 5A, Cc1cc2c(OCC(CNC(C)(C)C)OC(=O)c3ccccc3)cccc2[nH]1, None, CHEMBL1909186, CHEMBL357995, 389
CHEMBL1827, None, Phosphodiesterase 5A, COc1cc(OC)c(C(=O)CCCN2CCCC2)c(OC)c1, None, CHEMBL1909186, CHEMBL188921, 422
CHEMBL1827, None, Phosphodiesterase 5A, Nc1ccc2c3c(cccc13)C(=O)NC2=O, None, CHEMBL1909186, CHEMBL338790, 4AN
CHEMBL1827, None, Phosphodiesterase 5A, COc1ccc2cc(CC(=O)O)ccc2c1, None, CHEMBL1909186, CHEMBL1105, PWY
CHEMBL1827, None, Phosphodiesterase 5A, CC(=O)Nc1nnc(S(N)(=O)=O)s1, None, CHEMBL1909186, CHEMBL20, AZM
CHEMBL1827, None, Phosphodiesterase 5A, C=C1/C(=C\C=C2/CCC[C@@]3(C)[C@H]2CC[C@@H]3[C@H](C)CCCC(C)C)C[C@@H](O)C[C@@H]1O, None, CHEMBL1909186, CHEMBL1601669, M9B
CHEMBL1827, None, Phosphodiesterase 5A, CCC1(CCC(C)C)C(=O)N=C(O)NC1=O, None, CHEMBL1909186, CHEMBL267894, 184
CHEMBL1827, None, Phosphodiesterase 5A, CN(C)c1nc(N(C)C)nc(N(C)C)n1, None, CHEMBL1909186, CHEMBL1455, 141
CHEMBL1827, None, Phosphodiesterase 5A, Clc1ccc2c(c1)C(N1CCNCC1)=Nc1ccccc1O2, None, CHEMBL1909186, CHEMBL1113, 201
CHEMBL1827, None, Phosphodiesterase 5A, C[C@]12CC[C@H]3[C@@H](CC[C@H]4C[C@H](O)CC[C@@]43C)[C@@H]1CCC2=O, None, CHEMBL1909186, CHEMBL87285, AOI
CHEMBL1827, None, Phosphodiesterase 5A, C[C@](O)(CS(=O)(=O)c1ccc(F)cc1)C(=O)Nc1ccc(C#N)c(C(F)(F)F)c1, None, CHEMBL1909186, CHEMBL63560, 198
CHEMBL1827, None, Phosphodiesterase 5A, c1ccc(Cn2ccnc2)cc1, None, CHEMBL1909186, CHEMBL14192, 1BN
CHEMBL1827, None, Phosphodiesterase 5A, N[C@@H](Cc1ccc(F)cc1)C(=O)O, None, CHEMBL1909186, CHEMBL1235242, PFF
CHEMBL1827, None, Phosphodiesterase 5A, O=c1[nH]c2ccccc2c2ccccc12, None, CHEMBL1909186, CHEMBL45245, LDR
CHEMBL1827, None, Phosphodiesterase 5A, O=c1ncnc2[nH][nH]cc1-2, None, CHEMBL1909186, CHEMBL1467, 124
CHEMBL1827, None, Phosphodiesterase 5A, CC(C)(C#N)c1cc(Cn2cncn2)cc(C(C)(C)C#N)c1, None, CHEMBL1909186, CHEMBL1399, 210
CHEMBL1827, None, Phosphodiesterase 5A, NC12CC3CC(CC(C3)C1)C2, None, CHEMBL1909186, CHEMBL660, 144
CHEMBL1827, None, Phosphodiesterase 5A, Nc1nc(N)c2nc(CNc3ccc(C(=O)N[C@@H](CCC(=O)O)C(=O)O)cc3)cnc2n1, None, CHEMBL1909186, CHEMBL376180, 04J
CHEMBL1827, None, Phosphodiesterase 5A, CC1(C)S[C@@H]2[C@H](NC(=O)[C@H](N)c3ccc(O)cc3)C(=O)N2[C@H]1C(=O)O, None, CHEMBL1909186, CHEMBL1082, 192
CHEMBL1827, None, Phosphodiesterase 5A, Cc1cn[nH]c1, None, CHEMBL1909186, CHEMBL1308, 4PZ
CHEMBL1827, None, Phosphodiesterase 5A, C=CCO, None, CHEMBL1909186, CHEMBL234926, 5VQ
CHEMBL1827, None, Phosphodiesterase 5A, NC(=O)c1cccc(N)c1, None, CHEMBL1909186, CHEMBL81977, 3AB
CHEMBL1827, None, Phosphodiesterase 5A, Nc1c(Br)cc(Br)cc1CN[C@H]1CC[C@H](O)CC1, None, CHEMBL1909186, CHEMBL153479, 147
CHEMBL1827, None, Phosphodiesterase 5A, Nc1ccc(C(=O)O)c(O)c1, None, CHEMBL1909186, CHEMBL1169, BHA
CHEMBL1827, None, Phosphodiesterase 5A, C[C@@H]1OC(=O)C[C@H](O)C[C@H](O)CC[C@@H](O)[C@H](O)C[C@H](O)C[C@]2(O)C[C@H](O)[C@@H](C(=O)O)[C@H](C[C@@H](O[C@@H]3O[C@H](C)[C@@H](O)[C@H](N)[C@@H]3O)/C=C/C=C/C=C/C=C/C=C/C=C/C=C/[C@H](C)[C@@H](O)[C@H]1C)O2, None, CHEMBL1909186, CHEMBL267345, 197
CHEMBL1827, None, Phosphodiesterase 5A, CC(C)NC[C@H](O)COc1cccc2[nH]ccc12, None, CHEMBL1909186, CHEMBL117405, 127
CHEMBL1827, None, Phosphodiesterase 5A, C[C@H]1O[C@H](O[C@@H]2[C@@H](CO)O[C@H](O[C@@H]3[C@@H](CO)O[C@@H](O)[C@H](O)[C@H]3O)[C@H](O)[C@H]2O)[C@H](O)[C@@H](O)[C@@H]1N[C@H]1C=C(CO)[C@@H](O)[C@H](O)[C@H]1O, None, CHEMBL1909186, CHEMBL1566, 412
CHEMBL1827, None, Phosphodiesterase 5A, Nc1nc(O)c2ncn(COCCO)c2n1, None, CHEMBL1909186, CHEMBL184, AC2
CHEMBL1827, None, Phosphodiesterase 5A, Cc1[nH]cnc1CN1CCc2c(c3ccccc3n2C)C1=O, None, CHEMBL1909186, CHEMBL1110, S7Y
CHEMBL1827, None, Phosphodiesterase 5A, NCCCNCCSP(=O)(O)O, None, CHEMBL1909186, CHEMBL1006, 156
CHEMBL1827, None, Phosphodiesterase 5A, CC1(C)S[C@@H]2[C@H](NC(=O)[C@H](N)c3ccccc3)C(=O)N2[C@H]1C(=O)O, None, CHEMBL1909186, CHEMBL174, AIC
CHEMBL1827, None, Phosphodiesterase 5A, COc1cc2c(c3oc(=O)c4c(c13)CCC4=O)[C@@H]1C=CO[C@@H]1O2, None, CHEMBL1909186, CHEMBL1697694, AFT
CHEMBL1827, None, Phosphodiesterase 5A, OC[C@H]1O[C@@H]2O[C@@H]3[C@@H](CO)O[C@H](O[C@@H]4[C@@H](CO)O[C@H](O[C@@H]5[C@@H](CO)O[C@H](O[C@@H]6[C@@H](CO)O[C@H](O[C@@H]7[C@@H](CO)O[C@H](O[C@H]1[C@H](O)[C@H]2O)[C@H](O)[C@H]7O)[C@H](O)[C@H]6O)[C@H](O)[C@H]5O)[C@H](O)[C@H]4O)[C@H](O)[C@H]3O, None, CHEMBL1909186, CHEMBL1230813, 455
CHEMBL1827, None, Phosphodiesterase 5A, CCCCc1oc2ccccc2c1C(=O)c1cc(I)c(OCCN(CC)CC)c(I)c1, None, CHEMBL1909186, CHEMBL633, BBI
CHEMBL1827, None, Phosphodiesterase 5A, CC(C)C[C@H]1C(=O)N2CCC[C@H]2[C@]2(O)O[C@](NC(=O)[C@@H]3C=C4c5cccc6[nH]cc(c56)C[C@H]4N(C)C3)(C(C)C)C(=O)N12, None, CHEMBL1909186, CHEMBL1403281, 271
CHEMBL1827, None, Phosphodiesterase 5A, NCC[C@H](O)C(=O)N[C@@H]1C[C@H](N)[C@@H](O[C@H]2O[C@H](CN)[C@@H](O)[C@H](O)[C@H]2O)[C@H](O)[C@H]1O[C@H]1O[C@H](CO)[C@@H](O)[C@H](N)[C@H]1O, None, CHEMBL1909186, CHEMBL177, AKN
CHEMBL1827, None, Phosphodiesterase 5A, CCOC(=O)OC(C)OC1=C(C(=O)Nc2ccccn2)N(C)S(=O)(=O)c2ccccc21, None, CHEMBL1909186, CHEMBL1566249, 199
CHEMBL1827, None, Phosphodiesterase 5A, O=c1cc(-c2ccccc2)oc2c1ccc1ccccc12, 2303.4, CHEMBL1909186, CHEMBL283196, BHF
CHEMBL1827, None, Phosphodiesterase 5A, N=C(N)NC(=O)c1nc(Cl)c(N)nc1N, None, CHEMBL1909186, CHEMBL945, AMR
CHEMBL1827, None, Phosphodiesterase 5A, CC(C)CN(C[C@@H](O)[C@H](Cc1ccccc1)NC(=O)O[C@H]1CCOC1)S(=O)(=O)c1ccc(N)cc1, None, CHEMBL1909186, CHEMBL116, 478
CHEMBL1827, None, Phosphodiesterase 5A, CCCSc1ccc2nc(NC(=O)OC)[nH]c2c1, None, CHEMBL1909186, CHEMBL1483, 103
CHEMBL1827, None, Phosphodiesterase 5A, CN(C)CCC=C1c2ccccc2CCc2ccccc21, None, CHEMBL1909186, CHEMBL629, TP0
CHEMBL1827, None, Phosphodiesterase 5A, CC(=O)Nc1ccc2c(c1)Cc1ccccc1-2, None, CHEMBL1909186, CHEMBL311469, AFF
CHEMBL1827, None, Phosphodiesterase 5A, O=C(O)CCCc1cccs1, None, CHEMBL1909186, CHEMBL1230333, 4TB
CHEMBL1827, None, Phosphodiesterase 5A, Cc1c(C)c2c(c(C)c1O)CC[C@@](C)(CCC[C@H](C)CCC[C@H](C)CCCC(C)C)O2, None, CHEMBL1909186, CHEMBL47, VIV
CHEMBL1827, None, Phosphodiesterase 5A, NCCCCCC(=O)O, None, CHEMBL1909186, CHEMBL1046, ACA
CHEMBL1827, None, Phosphodiesterase 5A, Nc1cc(-c2ccncc2)c[nH]c1=O, None, CHEMBL1909186, CHEMBL12856, 201
CHEMBL1827, None, Phosphodiesterase 5A, O=C1CC[C@H](N2C(=O)c3ccccc3C2=O)C(=O)N1, None, CHEMBL1909186, CHEMBL426123, EF2
CHEMBL1827, None, Phosphodiesterase 5A, Sc1ncnc2nc[nH]c12, None, CHEMBL1909186, CHEMBL1425, PM6
CHEMBL1827, None, Phosphodiesterase 5A, CC(=O)Nc1ccc(O)cc1, None, CHEMBL1909186, CHEMBL112, TYL
CHEMBL1827, None, Phosphodiesterase 5A, NCCCC(O)(P(=O)(O)O)P(=O)(O)O, None, CHEMBL1909186, CHEMBL870, 212
CHEMBL1827, None, Phosphodiesterase 5A, CCOC(=O)C1=C(COCCN)NC(C)=C(C(=O)OC)C1c1ccccc1Cl, None, CHEMBL1909186, CHEMBL1491, 183
CHEMBL1827, None, Phosphodiesterase 5A, Cc1nnc2n1-c1ccc(Cl)cc1C(c1ccccc1)=NC2, None, CHEMBL1909186, CHEMBL661, 08H
CHEMBL1827, None, Phosphodiesterase 5A, CCC1(c2ccc(N)cc2)CCC(=O)NC1=O, None, CHEMBL1909186, CHEMBL488, 164
CHEMBL1827, None, Phosphodiesterase 5A, O=C1CC[C@@H](N2C(=O)c3ccccc3C2=O)C(=O)N1, None, CHEMBL1909186, CHEMBL558551, 6EL
CHEMBL1827, None, Phosphodiesterase 5A, OC(Cn1cncn1)(Cn1cncn1)c1ccc(F)cc1F, None, CHEMBL1909186, CHEMBL106, TPF
CHEMBL1827, None, Phosphodiesterase 5A, COc1ccc2c3c1O[C@H]1C[C@@H](O)C=C[C@@]31CCN(C)C2, None, CHEMBL1909186, CHEMBL659, GNT
CHEMBL1827, None, Phosphodiesterase 5A, O=c1c(-c2ccc(O)cc2)coc2cc(O)cc(O)c12, None, CHEMBL1909186, CHEMBL44, GEN
CHEMBL1827, None, Phosphodiesterase 5A, COc1ccc(Cl)cc1C(=O)NCCc1ccc(S(=O)(=O)NC(=O)NC2CCCCC2)cc1, None, CHEMBL1909186, CHEMBL472, GBM
CHEMBL1827, None, Phosphodiesterase 5A, Cn1c(=O)c2c(ncn2CC(O)CO)n(C)c1=O, None, CHEMBL1909186, CHEMBL1752, 976
CHEMBL1827, None, Phosphodiesterase 5A, C[C@]12C[C@H](O)[C@H]3[C@@H](CCC4=CC(=O)CC[C@@]43C)[C@@H]1CC[C@]2(O)C(=O)CO, None, CHEMBL1909186, CHEMBL389621, HCY
CHEMBL1827, None, Phosphodiesterase 5A, CC(C)Cn1cnc2c(N)nc3ccccc3c21, None, CHEMBL1909186, CHEMBL1282, 6T0
CHEMBL1827, None, Phosphodiesterase 5A, Nc1[nH]c(=O)ncc1F, None, CHEMBL1909186, CHEMBL1463, 1LD
CHEMBL1827, None, Phosphodiesterase 5A, NCC(=O)O, None, CHEMBL1909186, CHEMBL773, GLY
CHEMBL1827, None, Phosphodiesterase 5A, CC(C)(C)c1ccc(C(=O)CCCN2CCC(OC(c3ccccc3)c3ccccc3)CC2)cc1, None, CHEMBL1909186, CHEMBL305660, 977
CHEMBL1827, None, Phosphodiesterase 5A, C=CCc1ccc(O)c(OC)c1, None, CHEMBL1909186, CHEMBL42710, EOL
CHEMBL1827, None, Phosphodiesterase 5A, Clc1ccc(COC(Cn2ccnc2)c2ccc(Cl)cc2Cl)cc1, None, CHEMBL1909186, CHEMBL808, 983
CHEMBL1827, None, Phosphodiesterase 5A, CNC[C@H](O)c1ccc(O)c(O)c1, None, CHEMBL1909186, CHEMBL679, ALE
CHEMBL1827, None, Phosphodiesterase 5A, COc1cc(/C=C/C(=O)O)ccc1O, None, CHEMBL1909186, CHEMBL32749, FER
CHEMBL1827, None, Phosphodiesterase 5A, O=C(O)c1ccccc1-c1c2ccc(=O)cc-2oc2cc(O)ccc12, None, CHEMBL1909186, CHEMBL177756, FLU
CHEMBL1827, None, Phosphodiesterase 5A, O=C(O)CO, None, CHEMBL1909186, CHEMBL252557, GOA
CHEMBL1827, None, Phosphodiesterase 5A, Cc1ccc(NC(=O)c2ccc(CN3CCN(C)CC3)cc2)cc1Nc1nccc(-c2cccnc2)n1, None, CHEMBL1909186, CHEMBL941, STI
CHEMBL1827, None, Phosphodiesterase 5A, OCCO, None, CHEMBL1909186, CHEMBL457299, EDO
CHEMBL1827, None, Phosphodiesterase 5A, CC(C)=CCC/C(C)=C/CO, None, CHEMBL1909186, CHEMBL25719, 64Z
CHEMBL1827, None, Phosphodiesterase 5A, Oc1c(Cl)cc(Cl)c(Cl)c1Cc1c(O)c(Cl)cc(Cl)c1Cl, None, CHEMBL1909186, CHEMBL496, H3P
CHEMBL1827, None, Phosphodiesterase 5A, CC(=O)[C@@]1(O)CC[C@H]2[C@@H]3CCC4=CC(=O)CC[C@]4(C)[C@H]3CC[C@@]21C, None, CHEMBL1909186, CHEMBL1062, 3QZ
CHEMBL1827, None, Phosphodiesterase 5A, CC1=NN(c2ccccc2)C(=O)C1, None, CHEMBL1909186, CHEMBL290916, W1P
CHEMBL1827, None, Phosphodiesterase 5A, C[C@]12CC[C@@H]3c4ccc(O)cc4CC[C@H]3[C@@H]1C[C@@H](O)[C@@H]2O, None, CHEMBL1909186, CHEMBL193482, ESL
CHEMBL1827, None, Phosphodiesterase 5A, CC(=O)[C@@]1(O)CC[C@H]2[C@@H]3C[C@H](C)C4=CC(=O)C=C[C@]4(C)[C@@]3(F)[C@@H](O)C[C@@]21C, None, CHEMBL1909186, CHEMBL1200600, FML
CHEMBL1827, None, Phosphodiesterase 5A, O=C(O)P(=O)(O)O, None, CHEMBL1909186, CHEMBL666, PPF
CHEMBL1827, None, Phosphodiesterase 5A, Nc1nc(O)c2ncn(COC(CO)CO)c2n1, None, CHEMBL1909186, CHEMBL182, GA2
CHEMBL1827, None, Phosphodiesterase 5A, C[C@H]1O[C@@H](n2cc(F)c(=O)[nH]c2=O)[C@H](O)[C@@H]1O, None, CHEMBL1909186, CHEMBL1130, 958
CHEMBL1827, None, Phosphodiesterase 5A, NC(=O)NO, None, CHEMBL1909186, CHEMBL467, NHY
CHEMBL1827, None, Phosphodiesterase 5A, C=C1CC[C@H](O)C/C1=C/C=C1\CCC[C@@]2(C)[C@H]1CC[C@@H]2[C@H](C)/C=C/[C@H](C)C(C)C, None, CHEMBL1909186, CHEMBL1536, D2V
CHEMBL1827, None, Phosphodiesterase 5A, C[C@]12CC[C@@H]3c4ccc(O)cc4CC[C@H]3[C@@H]1CCC2=O, None, CHEMBL1909186, CHEMBL1405, J3Z
CHEMBL1827, None, Phosphodiesterase 5A, CC(C)(C)NC(=O)[C@H]1CC[C@H]2[C@@H]3CC[C@H]4NC(=O)C=C[C@]4(C)[C@H]3CC[C@]12C, None, CHEMBL1909186, CHEMBL710, FIT
CHEMBL1827, None, Phosphodiesterase 5A, CCOC(=O)c1ncn2c1CN(C)C(=O)c1cc(F)ccc1-2, None, CHEMBL1909186, CHEMBL407, FYP
CHEMBL1827, None, Phosphodiesterase 5A, O=c1[nH]cc(F)c(=O)[nH]1, None, CHEMBL1909186, CHEMBL185, URF
CHEMBL1827, None, Phosphodiesterase 5A, O=C(O)CNCP(=O)(O)O, None, CHEMBL1909186, CHEMBL95764, GPF
CHEMBL1827, None, Phosphodiesterase 5A, Cn1c(=O)c2c(ncn2CC2OCCO2)n(C)c1=O, None, CHEMBL1909186, CHEMBL1527608, 959
CHEMBL1827, None, Phosphodiesterase 5A, O=C(O)Cc1ccc(-c2ccccc2)cc1, None, CHEMBL1909186, CHEMBL413965, BP4
CHEMBL1827, None, Phosphodiesterase 5A, N=C(N)NC(=O)Cc1c(Cl)cccc1Cl, None, CHEMBL1909186, CHEMBL862, 522
CHEMBL1827, None, Phosphodiesterase 5A, C=C(CC)C(=O)c1ccc(OCC(=O)O)c(Cl)c1Cl, None, CHEMBL1909186, CHEMBL456, EAA
CHEMBL1827, None, Phosphodiesterase 5A, CNCCC(Oc1ccc(C(F)(F)F)cc1)c1ccccc1, None, CHEMBL1909186, CHEMBL41, 203
CHEMBL1827, None, Phosphodiesterase 5A, NS(=O)(=O)c1cc(C(=O)O)c(NCc2ccco2)cc1Cl, None, CHEMBL1909186, CHEMBL35, FUN
CHEMBL1827, None, Phosphodiesterase 5A, Nc1ccn([C@@H]2O[C@H](CO)[C@@H](O)C2(F)F)c(=O)n1, None, CHEMBL1909186, CHEMBL888, GEO
CHEMBL1827, None, Phosphodiesterase 5A, COc1cccc2c1C(=O)c1c(O)c3c(c(O)c1C2=O)C[C@@](O)(C(=O)CO)C[C@@H]3O[C@H]1C[C@H](N)[C@H](O)[C@H](C)O1, None, CHEMBL1909186, CHEMBL53463, DM2
CHEMBL1827, None, Phosphodiesterase 5A, CC(O)(P(=O)(O)O)P(=O)(O)O, None, CHEMBL1909186, CHEMBL871, 911
CHEMBL1827, None, Phosphodiesterase 5A, CN(CCOc1ccc(C[C@H](Nc2ccccc2C(=O)c2ccccc2)C(=O)O)cc1)c1ccccn1, None, CHEMBL1909186, CHEMBL434063, EDK
CHEMBL1827, None, Phosphodiesterase 5A, NNc1nncc2ccccc12, None, CHEMBL1909186, CHEMBL276832, HLZ
CHEMBL1827, None, Phosphodiesterase 5A, CC(=O)[C@]1(O)Cc2c(O)c3c(c(O)c2[C@@H](O[C@H]2C[C@H](N)[C@H](O)[C@H](C)O2)C1)C(=O)c1ccccc1C3=O, None, CHEMBL1909186, CHEMBL1117, DM5
CHEMBL1827, None, Phosphodiesterase 5A, C[C@@H](CO)NC(=O)[C@@H]1C=C2c3cccc4[nH]cc(c34)C[C@H]2N(C)C1, None, CHEMBL1909186, CHEMBL119443, 148
CHEMBL1827, None, Phosphodiesterase 5A, CC[C@@H](CO)NCCN[C@@H](CC)CO, None, CHEMBL1909186, CHEMBL44884, 95E
CHEMBL1827, None, Phosphodiesterase 5A, OCCN1CCN(CCCN2c3ccccc3Sc3ccc(C(F)(F)F)cc32)CC1, None, CHEMBL1909186, CHEMBL726, 204
CHEMBL1827, None, Phosphodiesterase 5A, NCC1(CC(=O)O)CCCCC1, None, CHEMBL1909186, CHEMBL940, GBN
CHEMBL1827, None, Phosphodiesterase 5A, Cc1ccc(C)c(OCCCC(C)(C)C(=O)O)c1, None, CHEMBL1909186, CHEMBL457, 4TX
CHEMBL1827, None, Phosphodiesterase 5A, C[C@H]1c2cccc(O)c2C(=O)C2=C(O)[C@]3(O)C(=O)C(C(N)=O)=C(O)[C@@H](N(C)C)[C@@H]3[C@@H](O)[C@@H]21, None, CHEMBL1909186, CHEMBL1433, DXT
CHEMBL1827, None, Phosphodiesterase 5A, NN, None, CHEMBL1909186, CHEMBL1237174, HZN
CHEMBL1827, None, Phosphodiesterase 5A, CN1C[C@H](C(=O)N[C@]2(C)O[C@@]3(O)[C@@H]4CCCN4C(=O)[C@H](Cc4ccccc4)N3C2=O)C=C2c3cccc4[nH]cc(c34)C[C@H]21, None, CHEMBL1909186, CHEMBL442, ERM
CHEMBL1827, None, Phosphodiesterase 5A, CCO, None, CHEMBL1909186, CHEMBL545, EOH
CHEMBL1827, None, Phosphodiesterase 5A, N[C@@H](CCC(=O)N[C@@H](CSSC[C@H](NC(=O)CC[C@H](N)C(=O)O)C(=O)NCC(=O)O)C(=O)NCC(=O)O)C(=O)O, None, CHEMBL1909186, CHEMBL1372, GDS
CHEMBL1827, None, Phosphodiesterase 5A, O=C(CCCN1CC=C(n2c(=O)[nH]c3ccccc32)CC1)c1ccc(F)cc1, None, CHEMBL1909186, CHEMBL1108, USS
CHEMBL1827, None, Phosphodiesterase 5A, C#C[C@]1(O)CC[C@H]2[C@@H]3CCc4cc(O)ccc4[C@H]3CC[C@@]21C, None, CHEMBL1909186, CHEMBL691, 3WF
CHEMBL1827, None, Phosphodiesterase 5A, COc1cc([C@@H]2c3cc4c(cc3[C@@H](O[C@@H]3O[C@@H]5CO[C@@H](C)O[C@H]5[C@H](O)[C@H]3O)[C@H]3COC(=O)[C@H]23)OCO4)cc(OC)c1O, None, CHEMBL1909186, CHEMBL44657, EVP
CHEMBL1827, None, Phosphodiesterase 5A, O=C(CCCN1CCC(O)(c2ccc(Cl)cc2)CC1)c1ccc(F)cc1, None, CHEMBL1909186, CHEMBL54, GMJ
CHEMBL1827, None, Phosphodiesterase 5A, NS(=O)(=O)c1cc2c(cc1Cl)NCNS2(=O)=O, None, CHEMBL1909186, CHEMBL435, HCZ
CHEMBL1827, None, Phosphodiesterase 5A, O=c1[nH]c(=O)n([C@H]2C[C@H](O)[C@@H](CO)O2)cc1I, None, CHEMBL1909186, CHEMBL788, ID2
CHEMBL1827, None, Phosphodiesterase 5A, CC[C@H]1OC(=O)[C@H](C)[C@@H](O[C@H]2C[C@@](C)(OC)[C@@H](O)[C@H](C)O2)[C@H](C)[C@@H](O[C@@H]2O[C@H](C)C[C@H](N(C)C)[C@H]2O)[C@](C)(O)C[C@@H](C)C(=O)[C@H](C)[C@@H](O)[C@]1(C)O, None, CHEMBL1909186, CHEMBL532, ERY
CHEMBL1827, None, Phosphodiesterase 5A, O=C1CN=C(c2ccccc2Cl)c2cc([N+](=O)[O-])ccc2N1, None, CHEMBL1909186, CHEMBL452, 703
CHEMBL1827, None, Phosphodiesterase 5A, O=C(O)c1cc(-c2ccc(F)cc2F)ccc1O, None, CHEMBL1909186, CHEMBL898, 1FL
CHEMBL1827, None, Phosphodiesterase 5A, CCN1CC(CCN2CCOCC2)C(c2ccccc2)(c2ccccc2)C1=O, None, CHEMBL1909186, CHEMBL1754, 953
CHEMBL1827, None, Phosphodiesterase 5A, COc1ccccc1OCCNCC(O)COc1cccc2[nH]c3ccccc3c12, None, CHEMBL1909186, CHEMBL723, 551
CHEMBL1827, None, Phosphodiesterase 5A, O=C(O)c1cc(=O)c2c(OCC(O)COc3cccc4oc(C(=O)O)cc(=O)c34)cccc2o1, None, CHEMBL1909186, CHEMBL428880, 741
CHEMBL1827, None, Phosphodiesterase 5A, CC(=O)O[C@]1(C(C)=O)CC[C@H]2[C@@H]3C=C(Cl)C4=CC(=O)[C@@H]5C[C@@H]5[C@]4(C)[C@H]3CC[C@@]21C, None, CHEMBL1909186, CHEMBL139835, CA4
CHEMBL1827, None, Phosphodiesterase 5A, CN(C)CCOC(c1ccccc1)c1ccccc1, None, CHEMBL1909186, CHEMBL657, 2PM
CHEMBL1827, None, Phosphodiesterase 5A, CN(C)[C@@H]1C(O)=C(C(N)=O)C(=O)[C@@]2(O)C(O)=C3C(=O)c4c(O)ccc(Cl)c4[C@@](C)(O)[C@H]3C[C@@H]12, None, CHEMBL1909186, CHEMBL404520, CTC
CHEMBL1827, None, Phosphodiesterase 5A, Cc1cc(C2CCCCC2)n(O)c(=O)c1, None, CHEMBL1909186, CHEMBL1413, B4O
CHEMBL1827, None, Phosphodiesterase 5A, O=C(O)c1cn(C2CC2)c2cc(N3CCNCC3)c(F)cc2c1=O, None, CHEMBL1909186, CHEMBL8, CPF
CHEMBL1827, None, Phosphodiesterase 5A, CN1CCC[C@@H]1CCO[C@](C)(c1ccccc1)c1ccc(Cl)cc1, None, CHEMBL1909186, CHEMBL1626, 671
CHEMBL1827, None, Phosphodiesterase 5A, Clc1cccc(Cl)c1N=C1NCCN1, None, CHEMBL1909186, CHEMBL134, CLU
CHEMBL1827, None, Phosphodiesterase 5A, CCN[C@@H](C)Cc1cccc(C(F)(F)F)c1, None, CHEMBL1909186, CHEMBL248702, 832
CHEMBL1827, None, Phosphodiesterase 5A, O=C(O)Cc1ccccc1Nc1c(Cl)cccc1Cl, None, CHEMBL1909186, CHEMBL139, DIF
CHEMBL1827, None, Phosphodiesterase 5A, Oc1ccccc1O, None, CHEMBL1909186, CHEMBL280998, CAQ
CHEMBL1827, None, Phosphodiesterase 5A, O=C(O)CCCc1ccc(N(CCCl)CCCl)cc1, None, CHEMBL1909186, CHEMBL515, CBL
CHEMBL1827, None, Phosphodiesterase 5A, CC(C)(C)NCC(O)c1cc(Cl)c(N)c(Cl)c1, None, CHEMBL1909186, CHEMBL49080, 673
CHEMBL1827, None, Phosphodiesterase 5A, C=C(C)[C@H]1[C@@H]2C(=O)O[C@H]1[C@H]1OC(=O)[C@@]34O[C@@H]3C[C@]2(O)[C@@]14C, None, CHEMBL1909186, CHEMBL47244, RI5
CHEMBL1827, None, Phosphodiesterase 5A, Nc1nc(N)nc(NC2CC2)n1, None, CHEMBL1909186, CHEMBL1231107, AX3
CHEMBL1827, None, Phosphodiesterase 5A, Cc1ccccc1N1CCN(CCc2nnc3n2CCCC3)CC1, None, CHEMBL1909186, CHEMBL1201216, 781
CHEMBL1827, None, Phosphodiesterase 5A, OC(CCCN1CCCCC1)(c1ccccc1)c1ccccc1, None, CHEMBL1909186, CHEMBL936, 313
CHEMBL1827, None, Phosphodiesterase 5A, COc1cc2nc(N3CCN(C(=O)C4COc5ccccc5O4)CC3)nc(N)c2cc1OC, None, CHEMBL1909186, CHEMBL707, 954
CHEMBL1827, None, Phosphodiesterase 5A, NS(=O)(=O)c1cc(C2(O)NC(=O)c3ccccc32)ccc1Cl, None, CHEMBL1909186, CHEMBL1055, 625
CHEMBL1827, None, Phosphodiesterase 5A, COc1cc(N)c(Cl)cc1C(=O)NC1CCN(CCCOc2ccc(F)cc2)CC1OC, None, CHEMBL1909186, CHEMBL1729, 240
CHEMBL1827, None, Phosphodiesterase 5A, COC(=O)[C@H](c1ccccc1Cl)N1CCc2sccc2C1, None, CHEMBL1909186, CHEMBL1771, CGE
CHEMBL1827, None, Phosphodiesterase 5A, CC(C)Cc1ccc([C@H](C)C(=O)O)cc1, None, CHEMBL1909186, CHEMBL175, IBP
CHEMBL1827, None, Phosphodiesterase 5A, O=c1oc2ccccc2c(O)c1Cc1c(O)c2ccccc2oc1=O, None, CHEMBL1909186, CHEMBL1466, 867
CHEMBL1827, None, Phosphodiesterase 5A, C[C@H]1O[C@@H](O[C@H]2[C@@H](O)C[C@H](O[C@H]3[C@@H](O)C[C@H](O[C@H]4CC[C@]5(C)[C@H]6CC[C@]7(C)[C@@H](C8=CC(=O)OC8)CC[C@]7(O)[C@@H]6CC[C@@H]5C4)O[C@@H]3C)O[C@@H]2C)C[C@H](O)[C@@H]1O, None, CHEMBL1909186, CHEMBL254219, F9R
CHEMBL1827, None, Phosphodiesterase 5A, CO[C@@]1(NC(=O)CSCC#N)C(=O)N2C(C(=O)O)=C(CSc3nnnn3C)CS[C@@H]21, None, CHEMBL1909186, CHEMBL1201195, 4KO
CHEMBL1827, None, Phosphodiesterase 5A, O=C(N[C@H](CO)[C@H](O)c1ccc([N+](=O)[O-])cc1)C(Cl)Cl, None, CHEMBL1909186, CHEMBL130, CLM
CHEMBL1827, None, Phosphodiesterase 5A, CCC[C@@H]1C[C@@H](C(=O)N[C@H]([C@H](C)Cl)[C@H]2O[C@H](SC)[C@H](O)[C@@H](O)[C@H]2O)N(C)C1, None, CHEMBL1909186, CHEMBL1753, CLY
CHEMBL1827, None, Phosphodiesterase 5A, COc1cc2c(c(OC)c1OC)-c1ccc(OC)c(=O)cc1[C@@H](NC(C)=O)CC2, None, CHEMBL1909186, CHEMBL107, LOC
CHEMBL1827, None, Phosphodiesterase 5A, CC1CC(OC(=O)C(O)c2ccccc2)CC(C)(C)C1, None, CHEMBL1909186, CHEMBL1480987, 747
CHEMBL1827, None, Phosphodiesterase 5A, Nc1ccn([C@@H]2O[C@H](CO)[C@@H](O)[C@@H]2O)c(=O)n1, None, CHEMBL1909186, CHEMBL803, AR3
CHEMBL1827, None, Phosphodiesterase 5A, COc1cccc2c1C(=O)c1c(O)c3c(c(O)c1C2=O)C[C@@](O)(C(C)=O)C[C@@H]3O[C@H]1C[C@H](N)[C@H](O)[C@H](C)O1, None, CHEMBL1909186, CHEMBL178, DM1
CHEMBL1827, None, Phosphodiesterase 5A, OCCN(CCO)c1nc(N2CCCCC2)c2nc(N(CCO)CCO)nc(N3CCCCC3)c2n1, 2831.0, CHEMBL1909186, CHEMBL932, H9F
CHEMBL1827, None, Phosphodiesterase 5A, CN(C)CCC=C1c2ccccc2COc2ccccc21, None, CHEMBL1909186, CHEMBL1628227, 956
CHEMBL1827, None, Phosphodiesterase 5A, O=c1[nH]c2cc(Cl)ccc2o1, None, CHEMBL1909186, CHEMBL1371, CLW
CHEMBL1827, None, Phosphodiesterase 5A, CC(C)NCC(O)c1ccccc1Cl, None, CHEMBL1909186, CHEMBL1902627, 714
CHEMBL1827, None, Phosphodiesterase 5A, C[C@H](C(=O)O)c1cccc(C(=O)c2ccccc2)c1, None, CHEMBL1909186, CHEMBL75435, 9KL
CHEMBL1827, None, Phosphodiesterase 5A, CCN(CC)CCOC(=O)C1(C2CCCCC2)CCCCC1, None, CHEMBL1909186, CHEMBL1123, 355
CHEMBL1827, None, Phosphodiesterase 5A, C[C@H]1O[C@@H](O[C@H]2[C@@H](O)C[C@H](O[C@H]3[C@@H](O)C[C@H](O[C@H]4CC[C@]5(C)[C@H]6C[C@@H](O)[C@]7(C)[C@@H](C8=CC(=O)OC8)CC[C@]7(O)[C@@H]6CC[C@@H]5C4)O[C@@H]3C)O[C@@H]2C)C[C@H](O)[C@@H]1O, None, CHEMBL1909186, CHEMBL1751, DGX
CHEMBL1827, None, Phosphodiesterase 5A, CO/N=C(\C(=O)N[C@@H]1C(=O)N2C(C(=O)O)=C(COC(C)=O)CS[C@H]12)c1csc(N)n1, None, CHEMBL1909186, CHEMBL1730, CE3
CHEMBL1827, None, Phosphodiesterase 5A, CNC1=Nc2ccc(Cl)cc2C(c2ccccc2)=[N+]([O-])C1, None, CHEMBL1909186, CHEMBL451, 594
CHEMBL1827, None, Phosphodiesterase 5A, CCC(=O)O[C@]1(C(=O)CCl)[C@@H](C)C[C@H]2[C@@H]3CCC4=CC(=O)C=C[C@]4(C)[C@@]3(F)[C@@H](O)C[C@@]21C, None, CHEMBL1909186, CHEMBL1159650, XRD
CHEMBL1827, None, Phosphodiesterase 5A, CN1CCN(C(c2ccccc2)c2ccccc2)CC1, None, CHEMBL1909186, CHEMBL648, 749
CHEMBL1827, None, Phosphodiesterase 5A, CC1(C)[C@@H]2CC[C@@]1(C)C(=O)C2, None, CHEMBL1909186, CHEMBL504760, CAM
CHEMBL1827, None, Phosphodiesterase 5A, O=C1CCc2cc(OCCCCc3nnnn3C3CCCCC3)ccc2N1, None, CHEMBL1909186, CHEMBL799, 644
CHEMBL1827, None, Phosphodiesterase 5A, CN(C)CCCC1(c2ccc(F)cc2)OCc2cc(C#N)ccc21, None, CHEMBL1909186, CHEMBL549, 663
CHEMBL1827, None, Phosphodiesterase 5A, COc1ccc2c(c1)[C@]13CCCC[C@@H]1[C@H](C2)N(C)CC3, None, CHEMBL1909186, CHEMBL52440, 842
CHEMBL1827, None, Phosphodiesterase 5A, O=c1[nH]cnc2c1ncn2[C@H]1CC[C@@H](CO)O1, None, CHEMBL1909186, CHEMBL1460, 2DI
CHEMBL1827, None, Phosphodiesterase 5A, Cc1ccc(-c2cc(C(F)(F)F)nn2-c2ccc(S(N)(=O)=O)cc2)cc1, None, CHEMBL1909186, CHEMBL118, CEL
CHEMBL1827, None, Phosphodiesterase 5A, CC(=O)O[C@]1(C(C)=O)CC[C@H]2[C@@H]3C=C(Cl)C4=CC(=O)CC[C@]4(C)[C@H]3CC[C@@]21C, None, CHEMBL1909186, CHEMBL110691, 600
CHEMBL1827, None, Phosphodiesterase 5A, CCOC(=O)C(C)(C)Oc1ccc(Cl)cc1, None, CHEMBL1909186, CHEMBL565, 694
CHEMBL1827, None, Phosphodiesterase 5A, Clc1ccccc1C(c1ccccc1)(c1ccccc1)n1ccnc1, None, CHEMBL1909186, CHEMBL104, CL6
CHEMBL1827, None, Phosphodiesterase 5A, C[C@H]1C[C@H](C)C(=O)[C@H]([C@H](O)CC2CC(=O)NC(=O)C2)C1, None, CHEMBL1909186, CHEMBL123292, 3HE
CHEMBL1827, None, Phosphodiesterase 5A, CNCCCN1c2ccccc2CCc2ccccc21, None, CHEMBL1909186, CHEMBL72, DSM
CHEMBL1827, None, Phosphodiesterase 5A, CN1C[C@H](C(=O)N[C@]2(C)O[C@@]3(O)[C@@H]4CCCN4C(=O)[C@H](Cc4ccccc4)N3C2=O)C[C@@H]2c3cccc4[nH]cc(c34)C[C@H]21, None, CHEMBL1909186, CHEMBL1732, 2GM
CHEMBL1827, None, Phosphodiesterase 5A, CCN(CC)C(=S)SSC(=S)N(CC)CC, None, CHEMBL1909186, CHEMBL964, 928
CHEMBL1827, None, Phosphodiesterase 5A, C[C@H](CCC(=O)O)[C@H]1CC[C@H]2[C@H]3[C@H](C[C@H](O)[C@@]21C)[C@@]1(C)CC[C@@H](O)C[C@H]1C[C@H]3O, None, CHEMBL1909186, CHEMBL205596, CHD
CHEMBL1827, None, Phosphodiesterase 5A, CN/C(=N/CCSCc1nc[nH]c1C)NC#N, None, CHEMBL1909186, CHEMBL30, 645
CHEMBL1827, None, Phosphodiesterase 5A, O=C(O)CC(O)(CC(=O)O)C(=O)O, None, CHEMBL1909186, CHEMBL1261, CIT
CHEMBL1827, None, Phosphodiesterase 5A, Clc1ccc2c(c1)CCc1cccnc1C2=C1CCNCC1, None, CHEMBL1909186, CHEMBL1172, 814
CHEMBL1827, None, Phosphodiesterase 5A, CC(=O)Nc1c(I)c(NC(C)=O)c(I)c(C(=O)O)c1I, None, CHEMBL1909186, CHEMBL1201220, 851
CHEMBL1827, None, Phosphodiesterase 5A, CC1=C(C(=O)O)N2C(=O)[C@@H](NC(=O)[C@H](N)c3ccccc3)[C@H]2SC1, None, CHEMBL1909186, CHEMBL1727, 571
CHEMBL1827, None, Phosphodiesterase 5A, ClC(Cl)Cl, None, CHEMBL1909186, CHEMBL44618, MCH
CHEMBL1827, None, Phosphodiesterase 5A, CC(C)(Oc1ccc(Cl)cc1)C(=O)O, None, CHEMBL1909186, CHEMBL683, E0O
CHEMBL1827, None, Phosphodiesterase 5A, Cc1onc(-c2ccccc2Cl)c1C(=O)N[C@@H]1C(=O)N2[C@@H](C(=O)O)C(C)(C)S[C@H]12, None, CHEMBL1909186, CHEMBL891, CXN
CHEMBL1827, None, Phosphodiesterase 5A, C[C@]12CC(=O)[C@H]3[C@@H](CCC4=CC(=O)CC[C@@]43C)[C@@H]1CC[C@]2(O)C(=O)CO, None, CHEMBL1909186, CHEMBL1499, 920
CHEMBL1827, None, Phosphodiesterase 5A, O=P1(N(CCCl)CCCl)NCCCO1, None, CHEMBL1909186, CHEMBL88, 758
CHEMBL1827, None, Phosphodiesterase 5A, CN(C)/N=N/c1[nH]cnc1C(N)=O, None, CHEMBL1909186, CHEMBL476, 773
CHEMBL1827, None, Phosphodiesterase 5A, COc1ccc([C@@H]2Sc3ccccc3N(CCN(C)C)C(=O)[C@@H]2OC(C)=O)cc1, None, CHEMBL1909186, CHEMBL23, C9F
CHEMBL1827, None, Phosphodiesterase 5A, CC(CCc1ccc(O)cc1)NCCc1ccc(O)c(O)c1, None, CHEMBL1909186, CHEMBL926, 535
CHEMBL1827, None, Phosphodiesterase 5A, C[N+](C)(C)CCOP(=O)([O-])OC[C@H](O)CO, None, CHEMBL1909186, CHEMBL1567463, 627
CHEMBL1827, None, Phosphodiesterase 5A, O=C/C=C/c1ccccc1, None, CHEMBL1909186, CHEMBL293492, 9Y6
CHEMBL1827, None, Phosphodiesterase 5A, C[C@@H]1C[C@H]2[C@@H]3CCC4=CC(=O)C=C[C@]4(C)[C@@]3(F)[C@@H](O)C[C@]2(C)[C@H]1C(=O)CO, None, CHEMBL1909186, CHEMBL1766, 819
CHEMBL1827, None, Phosphodiesterase 5A, CN1C(=O)CN=C(c2ccccc2)c2cc(Cl)ccc21, None, CHEMBL1909186, CHEMBL12, DZP
CHEMBL1827, None, Phosphodiesterase 5A, CC/C(=C(/CC)c1ccc(O)cc1)c1ccc(O)cc1, None, CHEMBL1909186, CHEMBL411, DES
CHEMBL1827, None, Phosphodiesterase 5A, CCCCCCNC(=O)n1cc(F)c(=O)[nH]c1=O, None, CHEMBL1909186, CHEMBL460499, 511
CHEMBL1827, None, Phosphodiesterase 5A, COCc1c(C(C)C)nc(C(C)C)c(/C=C/[C@@H](O)C[C@@H](O)CC(=O)O)c1-c1ccc(F)cc1, None, CHEMBL1909186, CHEMBL1477, 577
CHEMBL1827, None, Phosphodiesterase 5A, CCN(CC)CCOc1ccc(/C(=C(/Cl)c2ccccc2)c2ccccc2)cc1, None, CHEMBL1909186, CHEMBL954, 53Q
CHEMBL1827, None, Phosphodiesterase 5A, CN1CCN(C2=Nc3cc(Cl)ccc3Nc3ccccc32)CC1, None, CHEMBL1909186, CHEMBL42, 722
CHEMBL1827, None, Phosphodiesterase 5A, CC(=O)OCC(=O)[C@@]1(O)CC[C@H]2[C@@H]3CCC4=CC(=O)CC[C@]4(C)[C@H]3C(=O)C[C@@]21C, None, CHEMBL1909186, CHEMBL1650, 734
CHEMBL1827, None, Phosphodiesterase 5A, C/C=C/C[C@@H](C)[C@@H](O)[C@H]1C(=O)N[C@@H](CC)C(=O)N(C)CC(=O)N(C)[C@@H](CC(C)C)C(=O)N[C@@H](C(C)C)C(=O)N(C)[C@@H](CC(C)C)C(=O)N[C@@H](C)C(=O)N[C@H](C)C(=O)N(C)[C@@H](CC(C)C)C(=O)N(C)[C@@H](CC(C)C)C(=O)N(C)[C@@H](C(C)C)C(=O)N1C, None, CHEMBL1909186, CHEMBL160, 760
CHEMBL1827, None, Phosphodiesterase 5A, Cc1c2oc3c(C)ccc(C(=O)N[C@@H]4C(=O)N[C@H](C(C)C)C(=O)N5CCC[C@H]5C(=O)N(C)CC(=O)N(C)[C@@H](C(C)C)C(=O)O[C@@H]4C)c3nc-2c(C(=O)N[C@@H]2C(=O)N[C@H](C(C)C)C(=O)N3CCC[C@H]3C(=O)N(C)CC(=O)N(C)[C@@H](C(C)C)C(=O)O[C@@H]2C)c(N)c1=O, None, CHEMBL1909186, CHEMBL1554, 774
CHEMBL1827, None, Phosphodiesterase 5A, CN(C)CCCN1c2ccccc2Sc2ccc(Cl)cc21, None, CHEMBL1909186, CHEMBL71, Z80
CHEMBL1827, None, Phosphodiesterase 5A, C(=C/c1ccccc1)\CN1CCN(C(c2ccccc2)c2ccccc2)CC1, None, CHEMBL1909186, CHEMBL43064, 654
CHEMBL1827, None, Phosphodiesterase 5A, Nc1nc(Cl)nc2c1ncn2[C@H]1C[C@H](O)[C@@H](CO)O1, None, CHEMBL1909186, CHEMBL1619, CL9
CHEMBL1827, None, Phosphodiesterase 5A, C[C@@H]1C[C@H]2[C@@H]3CCC4=CC(=O)C=C[C@]4(C)[C@@]3(F)[C@@H](O)C[C@]2(C)[C@@]1(O)C(=O)CO, None, CHEMBL1909186, CHEMBL384467, DEX
CHEMBL1827, None, Phosphodiesterase 5A, CC1=NS(=O)(=O)c2cc(Cl)ccc2N1, None, CHEMBL1909186, CHEMBL181, 20J
CHEMBL1827, None, Phosphodiesterase 5A, O=c1[nH]c2ccccc2n1CCCN1CCC(n2c(=O)[nH]c3cc(Cl)ccc32)CC1, None, CHEMBL1909186, CHEMBL219916, 965
CHEMBL1827, None, Phosphodiesterase 5A, O=NN(CCCl)C(=O)NCCCl, None, CHEMBL1909186, CHEMBL513, 512
CHEMBL1827, None, Phosphodiesterase 5A, CN(C)CCCN1c2ccccc2CCc2ccc(Cl)cc21, None, CHEMBL1909186, CHEMBL415, CXX
CHEMBL1827, None, Phosphodiesterase 5A, O=c1ccc2ccccc2o1, None, CHEMBL1909186, CHEMBL6466, COU
CHEMBL1827, None, Phosphodiesterase 5A, CN1CCC(=C2c3ccccc3C=Cc3ccccc32)CC1, None, CHEMBL1909186, CHEMBL516, C7H
CHEMBL1827, None, Phosphodiesterase 5A, C#C[C@]1(O)CC[C@H]2[C@@H]3CCC4=Cc5oncc5C[C@]4(C)[C@H]3CC[C@@]21C, None, CHEMBL1909186, CHEMBL1479, QA1
CHEMBL1827, None, Phosphodiesterase 5A, C[S+](C)[O-], None, CHEMBL1909186, CHEMBL504, DMS
CHEMBL1827, None, Phosphodiesterase 5A, CCCNC(=O)NS(=O)(=O)c1ccc(Cl)cc1, None, CHEMBL1909186, CHEMBL498, 622
CHEMBL1827, None, Phosphodiesterase 5A, CC(C)(Oc1ccc(C2CC2(Cl)Cl)cc1)C(=O)O, None, CHEMBL1909186, CHEMBL557555, 658
CHEMBL1827, None, Phosphodiesterase 5A, CC[C@H]1OC(=O)[C@H](C)[C@@H](O[C@H]2C[C@@](C)(OC)[C@@H](O)[C@H](C)O2)[C@H](C)[C@@H](O[C@@H]2O[C@H](C)C[C@H](N(C)C)[C@H]2O)[C@](C)(OC)C[C@@H](C)C(=O)[C@H](C)[C@@H](O)[C@]1(C)O, None, CHEMBL1909186, CHEMBL1741, CTY
CHEMBL1827, None, Phosphodiesterase 5A, COc1ccc(Cc2nccc3cc(OC)c(OC)cc23)cc1OC, None, CHEMBL1909186, CHEMBL19224, EV1
CHEMBL1827, None, Phosphodiesterase 5A, CC(O)CO, None, CHEMBL1909186, CHEMBL286398, 862
CHEMBL1827, None, Phosphodiesterase 5A, CCN(CC)CCCC(C)Nc1c2ccc(Cl)cc2nc2ccc(OC)cc12, None, CHEMBL1909186, CHEMBL7568, 237
CHEMBL1827, None, Phosphodiesterase 5A, NC(=O)CN1CCCC1=O, None, CHEMBL1909186, CHEMBL36715, PZI
CHEMBL1827, None, Phosphodiesterase 5A, CCCCOc1ccc(OCCCN2CCOCC2)cc1, None, CHEMBL1909186, CHEMBL1198, PX9
CHEMBL1827, None, Phosphodiesterase 5A, CC(=O)[C@H]1CC[C@H]2[C@@H]3CCC4=CC(=O)CC[C@]4(C)[C@H]3CC[C@]12C, None, CHEMBL1909186, CHEMBL103, STR
CHEMBL1827, None, Phosphodiesterase 5A, Cc1cc(C(C)(C)C)c(O)c(C)c1CC1=NCCN1, None, CHEMBL1909186, CHEMBL762, J5C
CHEMBL1827, None, Phosphodiesterase 5A, CC1(C)S[C@@H]2[C@H](NC(=O)Cc3ccccc3)C(=O)N2[C@H]1C(=O)O, None, CHEMBL1909186, CHEMBL29, PNN
CHEMBL1827, None, Phosphodiesterase 5A, CCCc1cc(=O)[nH]c(=S)[nH]1, None, CHEMBL1909186, CHEMBL1518, 3CJ
CHEMBL1827, None, Phosphodiesterase 5A, C[C@@H]1O[C@@H](O[C@H]2C[C@@H](O)[C@]3(CO)[C@H]4[C@H](O)C[C@]5(C)[C@@H](C6=CC(=O)OC6)CC[C@]5(O)[C@@H]4CC[C@]3(O)C2)[C@H](O)[C@H](O)[C@H]1O, None, CHEMBL1909186, CHEMBL222863, OBN
CHEMBL1827, None, Phosphodiesterase 5A, O=C1c2ccccc2C(=O)C1c1ccccc1, None, CHEMBL1909186, CHEMBL711, UAS
CHEMBL1827, None, Phosphodiesterase 5A, CNC(=O)Oc1ccc2c(c1)[C@]1(C)CCN(C)[C@@H]1N2C, None, CHEMBL1909186, CHEMBL94, 803
CHEMBL1827, None, Phosphodiesterase 5A, Cc1cccc(Nc2cc(Cl)nc(SCC(=O)O)n2)c1C, None, CHEMBL1909186, CHEMBL295416, WY1
CHEMBL1827, None, Phosphodiesterase 5A, CCCN(CCC)C(=O)C(CCC(=O)O)NC(=O)c1ccccc1, None, CHEMBL1909186, CHEMBL316561, 893
CHEMBL1827, None, Phosphodiesterase 5A, CS(=O)(=O)Nc1ccc([N+](=O)[O-])cc1Oc1ccccc1, None, CHEMBL1909186, CHEMBL56367, NIM
CHEMBL1827, None, Phosphodiesterase 5A, COC(=O)Nc1nc2ccc(C(=O)c3cccs3)cc2[nH]1, None, CHEMBL1909186, CHEMBL9514, NZO
CHEMBL1827, None, Phosphodiesterase 5A, Fc1ccc([C@@H]2CCNC[C@H]2COc2ccc3c(c2)OCO3)cc1, None, CHEMBL1909186, CHEMBL490, 8PR
CHEMBL1827, None, Phosphodiesterase 5A, N=C(N)c1ccc(OCCCCCOc2ccc(C(=N)N)cc2)cc1, None, CHEMBL1909186, CHEMBL55, PNT
CHEMBL1827, None, Phosphodiesterase 5A, CCC1(c2ccccc2)C(=O)NC(=O)NC1=O, None, CHEMBL1909186, CHEMBL40, UQA
CHEMBL1827, None, Phosphodiesterase 5A, CN(C)CCCN1c2ccccc2Sc2ccccc21, None, CHEMBL1909186, CHEMBL564, P2Z
CHEMBL1827, None, Phosphodiesterase 5A, Cc1ccnc2c1NC(=O)c1cccnc1N2C1CC1, None, CHEMBL1909186, CHEMBL57, NVP
CHEMBL1827, None, Phosphodiesterase 5A, C#C[C@]1(O)CC[C@H]2[C@@H]3CCC4=CC(=O)CC[C@@H]4[C@H]3CC[C@@]21C, None, CHEMBL1909186, CHEMBL1162, NDR
CHEMBL1827, None, Phosphodiesterase 5A, Oc1cccc2cccnc12, None, CHEMBL1909186, CHEMBL310555, HQY
CHEMBL1827, None, Phosphodiesterase 5A, CC(=O)CCCCn1c(=O)c2c(ncn2C)n(C)c1=O, None, CHEMBL1909186, CHEMBL628, PNX
CHEMBL1827, None, Phosphodiesterase 5A, COc1ccc(C[C@H](N)C(=O)N[C@@H]2[C@@H](CO)O[C@@H](n3cnc4c(N(C)C)ncnc43)[C@@H]2O)cc1, None, CHEMBL1909186, CHEMBL469912, PUY
CHEMBL1827, None, Phosphodiesterase 5A, Oc1ccccc1, None, CHEMBL1909186, CHEMBL14060, IPH
CHEMBL1827, None, Phosphodiesterase 5A, COc1cc2nc(N3CCN(C(=O)c4ccco4)CC3)nc(N)c2cc1OC, None, CHEMBL1909186, CHEMBL2, XRA
CHEMBL1827, None, Phosphodiesterase 5A, C[C@]12CC[C@@H]3[C@H]4CCC(=O)C=C4CC[C@H]3[C@@H]1CC[C@@H]2O, None, CHEMBL1909186, CHEMBL757, 6VW
CHEMBL1827, None, Phosphodiesterase 5A, O=C(O)c1cccnc1, None, CHEMBL1909186, CHEMBL573, NIO
CHEMBL1827, None, Phosphodiesterase 5A, CN(C)[C@@H]1C(O)=C(C(N)=O)C(=O)[C@@]2(O)C(O)=C3C(=O)c4c(O)cccc4[C@@](C)(O)[C@H]3[C@H](O)[C@@H]12, None, CHEMBL1909186, CHEMBL1517, OTC
CHEMBL1827, None, Phosphodiesterase 5A, NC(=O)c1cnccn1, None, CHEMBL1909186, CHEMBL614, PZA
CHEMBL1827, None, Phosphodiesterase 5A, COc1cc([C@@H]2c3cc4c(cc3[C@H](O)[C@H]3COC(=O)[C@H]23)OCO4)cc(OC)c1OC, None, CHEMBL1909186, CHEMBL61, POD
CHEMBL1827, None, Phosphodiesterase 5A, C[C@]12C[C@H](O)[C@H]3[C@@H](CCC4=CC(=O)C=C[C@@]43C)[C@@H]1CC[C@]2(O)C(=O)CO, None, CHEMBL1909186, CHEMBL131, TUA
CHEMBL1827, None, Phosphodiesterase 5A, COc1ccc2cc([C@H](C)C(=O)O)ccc2c1, None, CHEMBL1909186, CHEMBL154, NPS
CHEMBL1827, None, Phosphodiesterase 5A, NC(=O)c1cccnc1, None, CHEMBL1909186, CHEMBL1140, NCA
CHEMBL1827, None, Phosphodiesterase 5A, CC(=O)O[C@H]1C(=O)[C@]2(C)[C@@H](O)C[C@H]3OC[C@@]3(OC(C)=O)[C@H]2[C@H](OC(=O)c2ccccc2)[C@]2(O)C[C@H](OC(=O)[C@H](O)[C@@H](NC(=O)c3ccccc3)c3ccccc3)C(C)=C1C2(C)C, None, CHEMBL1909186, CHEMBL428647, TA1
CHEMBL1827, None, Phosphodiesterase 5A, OCCN1CCN(CCCN2c3ccccc3Sc3ccc(Cl)cc32)CC1, None, CHEMBL1909186, CHEMBL567, 209
CHEMBL1827, None, Phosphodiesterase 5A, Cc1ccc(N(CC2=NCCN2)c2cccc(O)c2)cc1, None, CHEMBL1909186, CHEMBL597, 502
CHEMBL1827, None, Phosphodiesterase 5A, CN1CCC[C@H]1c1cccnc1, None, CHEMBL1909186, CHEMBL3, NCT
CHEMBL1827, None, Phosphodiesterase 5A, Nc1nc(O)c2ncn(CCC(CO)CO)c2n1, None, CHEMBL1909186, CHEMBL1540, PE2
CHEMBL1827, None, Phosphodiesterase 5A, CC(C)c1cccc(C(C)C)c1O, None, CHEMBL1909186, CHEMBL526, PFL
CHEMBL1827, None, Phosphodiesterase 5A, Oc1cccc(O)c1O, None, CHEMBL1909186, CHEMBL307145, PYG
CHEMBL1827, None, Phosphodiesterase 5A, CCCCC1C(=O)N(c2ccccc2)N(c2ccccc2)C1=O, None, CHEMBL1909186, CHEMBL101, P1Z
CHEMBL1827, None, Phosphodiesterase 5A, CCN1CCN(C(=O)N[C@@H](C(=O)N[C@@H]2C(=O)N3[C@@H](C(=O)O)C(C)(C)S[C@H]23)c2ccccc2)C(=O)C1=O, None, CHEMBL1909186, CHEMBL702, WPP
CHEMBL1827, None, Phosphodiesterase 5A, Cc1c(O)cccc1C(=O)N[C@@H](CSc1ccccc1)[C@H](O)CN1C[C@H]2CCCC[C@H]2C[C@H]1C(=O)NC(C)(C)C, None, CHEMBL1909186, CHEMBL584, 1UN
CHEMBL1827, None, Phosphodiesterase 5A, COC(=O)C1=C(C)NC(C)=C(C(=O)OC)C1c1ccccc1[N+](=O)[O-], None, CHEMBL1909186, CHEMBL193, C5U
CHEMBL1827, None, Phosphodiesterase 5A, CNCCC=C1c2ccccc2CCc2ccccc21, None, CHEMBL1909186, CHEMBL445, 21B
CHEMBL1827, None, Phosphodiesterase 5A, CC(C)(S)[C@@H](N)C(=O)O, None, CHEMBL1909186, CHEMBL1430, LEI
CHEMBL1827, None, Phosphodiesterase 5A, CC(C)NCC(O)COc1cccc2ccccc12, None, CHEMBL1909186, CHEMBL27, 564
CHEMBL1827, None, Phosphodiesterase 5A, Cc1nccn1CC1CCc2c(c3ccccc3n2C)C1=O, None, CHEMBL1909186, CHEMBL46, S87
CHEMBL1827, None, Phosphodiesterase 5A, CCN(CC)CC#CCOC(=O)C(O)(c1ccccc1)C1CCCCC1, None, CHEMBL1909186, CHEMBL1231, 359
CHEMBL1827, None, Phosphodiesterase 5A, CCOc1ccc(NC(C)=O)cc1, None, CHEMBL1909186, CHEMBL16073, N4E
CHEMBL1827, None, Phosphodiesterase 5A, NNc1ccccc1, None, CHEMBL1909186, CHEMBL456807, PHZ
CHEMBL1827, None, Phosphodiesterase 5A, CN1CCN(CCCN2c3ccccc3Sc3ccc(Cl)cc32)CC1, None, CHEMBL1909186, CHEMBL728, P77
CHEMBL1827, None, Phosphodiesterase 5A, NC[C@@H]1O[C@H](O[C@@H]2[C@@H](CO)O[C@@H](O[C@@H]3[C@@H](O)[C@H](N)C[C@H](N)[C@H]3O[C@H]3O[C@H](CN)[C@@H](O)[C@H](O)[C@H]3N)[C@@H]2O)[C@H](N)[C@@H](O)[C@@H]1O, None, CHEMBL1909186, CHEMBL184618, NMY
CHEMBL1827, None, Phosphodiesterase 5A, O=C(O)c1cccnc1Nc1cccc(C(F)(F)F)c1, None, CHEMBL1909186, CHEMBL63323, NFL
CHEMBL1827, None, Phosphodiesterase 5A, O=C1CN(/N=C/c2ccc([N+](=O)[O-])o2)C(=O)N1, None, CHEMBL1909186, CHEMBL572, U6Z
CHEMBL1827, None, Phosphodiesterase 5A, O=C1c2c(O)ccc(O)c2C(=O)c2c(NCCNCCO)ccc(NCCNCCO)c21, None, CHEMBL1909186, CHEMBL58, MIX
CHEMBL1827, None, Phosphodiesterase 5A, Nc1ccn([C@@H]2CS[C@H](CO)O2)c(=O)n1, None, CHEMBL1909186, CHEMBL141, 3TC
CHEMBL1827, None, Phosphodiesterase 5A, CCC[C@@H]1C[C@@H](C(=O)N[C@H]([C@@H](C)O)[C@H]2O[C@H](SC)[C@H](O)[C@@H](O)[C@H]2O)N(C)C1, None, CHEMBL1909186, CHEMBL1447, 3QB
CHEMBL1827, None, Phosphodiesterase 5A, Cc1cccc(Nc2ccccc2C(=O)O)c1C, None, CHEMBL1909186, CHEMBL686, ID8
CHEMBL1827, None, Phosphodiesterase 5A, COc1c2occc2cc2ccc(=O)oc12, None, CHEMBL1909186, CHEMBL416, 8MO
CHEMBL1827, None, Phosphodiesterase 5A, CC[C@@H](CO)NC(=O)[C@@H]1C=C2c3cccc4c3c(cn4C)C[C@H]2N(C)C1, None, CHEMBL1909186, CHEMBL1065, H8J
CHEMBL1827, None, Phosphodiesterase 5A, CCCCc1nc(Cl)c(CO)n1Cc1ccc(-c2ccccc2-c2nnn[nH]2)cc1, None, CHEMBL1909186, CHEMBL191, LSN
CHEMBL1827, None, Phosphodiesterase 5A, CCN(CC)CCNC(=O)c1cc(Cl)c(N)cc1OC, None, CHEMBL1909186, CHEMBL86, 241
CHEMBL1827, None, Phosphodiesterase 5A, CN1CCN2c3ccccc3Cc3ccccc3C2C1, None, CHEMBL1909186, CHEMBL6437, 135
CHEMBL1827, None, Phosphodiesterase 5A, CC(C)(C)NC[C@H](O)COc1cccc2c1CCCC2=O, None, CHEMBL1909186, CHEMBL1201237, 570
CHEMBL1827, None, Phosphodiesterase 5A, CC[C@H](C)C(=O)O[C@H]1C[C@@H](C)C=C2C=C[C@H](C)[C@H](CC[C@@H]3C[C@@H](O)CC(=O)O3)[C@H]21, None, CHEMBL1909186, CHEMBL503, 803
CHEMBL1827, None, Phosphodiesterase 5A, NCCCC[C@H](N[C@@H](CCc1ccccc1)C(=O)O)C(=O)N1CCC[C@H]1C(=O)O, None, CHEMBL1909186, CHEMBL1237, LPR
CHEMBL1827, None, Phosphodiesterase 5A, COc1ccc2[nH]cc(CCNC(C)=O)c2c1, None, CHEMBL1909186, CHEMBL45, ML1
CHEMBL1827, None, Phosphodiesterase 5A, CN1C[C@H](CNC(=O)OCc2ccccc2)C[C@@H]2c3cccc4c3c(cn4C)C[C@H]21, None, CHEMBL1909186, CHEMBL19215, 133
CHEMBL1827, None, Phosphodiesterase 5A, CN(C)C=O, None, CHEMBL1909186, CHEMBL268291, DMF
CHEMBL1827, None, Phosphodiesterase 5A, CCCCC1=NC2(CCCC2)C(=O)N1Cc1ccc(-c2ccccc2-c2nn[nH]n2)cc1, None, CHEMBL1909186, CHEMBL1513, 589
CHEMBL1827, None, Phosphodiesterase 5A, COCCc1ccc(OCC(O)CNC(C)C)cc1, None, CHEMBL1909186, CHEMBL13, 553
CHEMBL1827, None, Phosphodiesterase 5A, CC#C[C@]1(O)CC[C@H]2[C@@H]3CCC4=CC(=O)CCC4=C3[C@@H](c3ccc(N(C)C)cc3)C[C@@]21C, None, CHEMBL1909186, CHEMBL1276308, 486
CHEMBL1827, None, Phosphodiesterase 5A, C[N+](C)(C)C[C@H](O)CC(=O)[O-], None, CHEMBL1909186, CHEMBL1149, crn
CHEMBL1827, None, Phosphodiesterase 5A, CCN(CC)C(=O)N[C@H]1C=C2c3cccc4[nH]cc(c34)C[C@H]2N(C)C1, None, CHEMBL1909186, CHEMBL157138, H8G
CHEMBL1827, None, Phosphodiesterase 5A, Cc1cnc(NC(=O)C2=C(O)c3ccccc3S(=O)(=O)N2C)s1, None, CHEMBL1909186, CHEMBL599, MXM
CHEMBL1827, None, Phosphodiesterase 5A, CN(C)C(=N)NC(=N)N, None, CHEMBL1909186, CHEMBL1431, MF8
CHEMBL1827, None, Phosphodiesterase 5A, CC(C)(O)c1ccccc1CC[C@@H](SCC1(CC(=O)O)CC1)c1cccc(/C=C/c2ccc3ccc(Cl)cc3n2)c1, None, CHEMBL1909186, CHEMBL787, MTK
CHEMBL1827, None, Phosphodiesterase 5A, CCc1c2c(nc3ccc(OC(=O)N4CCC(N5CCCCC5)CC4)cc13)-c1cc3c(c(=O)n1C2)COC(=O)[C@]3(O)CC, None, CHEMBL1909186, CHEMBL481, CP0
CHEMBL1827, None, Phosphodiesterase 5A, NC[C@H]1O[C@H](O[C@@H]2[C@@H](N)C[C@@H](N)[C@H](O[C@H]3O[C@H](CO)[C@@H](O)[C@H](N)[C@H]3O)[C@H]2O)[C@H](O)[C@@H](O)[C@@H]1O, None, CHEMBL1909186, CHEMBL1384, KAN
CHEMBL1827, None, Phosphodiesterase 5A, O=c1cc(N2CCOCC2)oc2c(-c3ccccc3)cccc12, 9614.0, CHEMBL1909186, CHEMBL98350, LY2
CHEMBL1827, None, Phosphodiesterase 5A, Cc1ncc([N+](=O)[O-])n1CCO, None, CHEMBL1909186, CHEMBL137, 2MN
CHEMBL1827, None, Phosphodiesterase 5A, Cc1[nH]c(=O)c(C#N)cc1-c1ccncc1, None, CHEMBL1909186, CHEMBL189, MIL
CHEMBL1827, None, Phosphodiesterase 5A, N[C@@H](Cn1ccc(=O)c(O)c1)C(=O)O, None, CHEMBL1909186, CHEMBL245416, MMS
CHEMBL1827, None, Phosphodiesterase 5A, N[C@@H](Cc1ccc(O)c(O)c1)C(=O)O, None, CHEMBL1909186, CHEMBL1009, DAH
CHEMBL1827, None, Phosphodiesterase 5A, COC(=O)Nc1nc2ccc(C(=O)c3ccccc3)cc2[nH]1, None, CHEMBL1909186, CHEMBL685, V95
CHEMBL1827, None, Phosphodiesterase 5A, CCOc1cc(N)c(Cl)cc1C(=O)NCC1CN(Cc2ccc(F)cc2)CCO1, None, CHEMBL1909186, CHEMBL60889, 242
CHEMBL1827, None, Phosphodiesterase 5A, COc1ccc2cc(CCC(C)=O)ccc2c1, None, CHEMBL1909186, CHEMBL1070, NBO
CHEMBL1827, None, Phosphodiesterase 5A, CC(C)(C)NC(=O)[C@@H]1CN(Cc2cccnc2)CCN1C[C@@H](O)C[C@@H](Cc1ccccc1)C(=O)N[C@H]1c2ccccc2C[C@H]1O, None, CHEMBL1909186, CHEMBL115, MK1
CHEMBL1827, None, Phosphodiesterase 5A, CC(C)(C(=O)c1cccnc1)c1cccnc1, None, CHEMBL1909186, CHEMBL934, MYT
CHEMBL1827, None, Phosphodiesterase 5A, Nc1cc(N2CCCCC2)nc(N)[n+]1[O-], None, CHEMBL1909186, CHEMBL802, MXD
CHEMBL1827, None, Phosphodiesterase 5A, C[C@H]1COc2c(N3CCN(C)CC3)c(F)cc3c(=O)c(C(=O)O)cn1c23, None, CHEMBL1909186, CHEMBL33, LFX
CHEMBL1827, None, Phosphodiesterase 5A, Cc1ccc(Cl)c(Nc2ccccc2C(=O)O)c1Cl, None, CHEMBL1909186, CHEMBL509, JMS
CHEMBL1827, None, Phosphodiesterase 5A, Cn1cc[nH]c1=S, None, CHEMBL1909186, CHEMBL1515, MMZ
CHEMBL1827, None, Phosphodiesterase 5A, CC[C@@H](CO)NC(=O)[C@@H]1C=C2c3cccc4[nH]cc(c34)C[C@H]2N(C)C1, None, CHEMBL1909186, CHEMBL1201356, H8D
CHEMBL1827, None, Phosphodiesterase 5A, CC(C)(C)NCC(O)COc1cccc2c1C[C@H](O)[C@H](O)C2, None, CHEMBL1909186, CHEMBL649, 554
CHEMBL1827, None, Phosphodiesterase 5A, COc1ccc2c(c1)c(CC(=O)O)c(C)n2C(=O)c1ccc(Cl)cc1, None, CHEMBL1909186, CHEMBL6, IMN
CHEMBL1827, None, Phosphodiesterase 5A, CCN1CCC[C@H]1CNC(=O)c1cc(S(N)(=O)=O)ccc1OC, None, CHEMBL1909186, CHEMBL267044, 958
CHEMBL1827, None, Phosphodiesterase 5A, COC(=O)c1ccc(O)cc1, None, CHEMBL1909186, CHEMBL325372, MPB
CHEMBL1827, None, Phosphodiesterase 5A, NNC(=O)c1ccncc1, None, CHEMBL1909186, CHEMBL64, NIZ
CHEMBL1827, None, Phosphodiesterase 5A, CC[C@H](C)C(=O)O[C@H]1CCC=C2C=C[C@H](C)[C@H](CC[C@@H]3C[C@@H](O)CC(=O)O3)[C@H]21, None, CHEMBL1909186, CHEMBL54440, 2UO
CHEMBL1827, None, Phosphodiesterase 5A, CC(O)C(=O)O, None, CHEMBL1909186, CHEMBL1200559, 612
CHEMBL1827, None, Phosphodiesterase 5A, CCN(CC)CC(=O)Nc1c(C)cccc1C, None, CHEMBL1909186, CHEMBL79, LQZ
CHEMBL1827, None, Phosphodiesterase 5A, OC[C@@H](O)[C@@H](O)[C@H](O)[C@H](O)CO, None, CHEMBL1909186, CHEMBL689, MTL
CHEMBL1827, None, Phosphodiesterase 5A, C[C@@H](O)[C@H]1C(=O)N2C(C(=O)O)=C(S[C@@H]3CN[C@H](C(=O)N(C)C)C3)[C@H](C)[C@H]12, None, CHEMBL1909186, CHEMBL127, MEM
CHEMBL1827, None, Phosphodiesterase 5A, CN(Cc1cnc2nc(N)nc(N)c2n1)c1ccc(C(=O)N[C@@H](CCC(=O)O)C(=O)O)cc1, None, CHEMBL1909186, CHEMBL34259, MTX
CHEMBL1827, None, Phosphodiesterase 5A, COc1c(C)c2c(c(O)c1C/C=C(\C)CCC(=O)O)C(=O)OC2, None, CHEMBL1909186, CHEMBL866, MOA
CHEMBL1827, None, Phosphodiesterase 5A, CC(C)NCC(O)c1ccc(O)c(O)c1, None, CHEMBL1909186, CHEMBL434, 536
CHEMBL1827, None, Phosphodiesterase 5A, CN1CCN(CCCN2c3ccccc3Sc3ccc(C(F)(F)F)cc32)CC1, None, CHEMBL1909186, CHEMBL422, TFP
CHEMBL1827, None, Phosphodiesterase 5A, CN1[C@H]2CC[C@@H]1C[C@H](OC(=O)c1c[nH]c3ccccc13)C2, None, CHEMBL1909186, CHEMBL56564, TKT
CHEMBL1827, None, Phosphodiesterase 5A, Cc1onc(-c2ccccc2)c1-c1ccc(S(N)(=O)=O)cc1, None, CHEMBL1909186, CHEMBL865, COX
CHEMBL1827, None, Phosphodiesterase 5A, CC[C@]1(O)C[C@@H]2CN(CCc3c([nH]c4ccccc34)[C@@](C(=O)OC)(c3cc4c(cc3OC)N(C)[C@H]3[C@@](O)(C(=O)OC)[C@H](OC(C)=O)[C@]5(CC)C=CCN6CC[C@]43[C@@H]65)C2)C1, None, CHEMBL1909186, CHEMBL159, VLB
CHEMBL1827, None, Phosphodiesterase 5A, COc1cc(C(=O)NS(=O)(=O)c2ccccc2C)ccc1Cc1cn(C)c2ccc(NC(=O)OC3CCCC3)cc12, None, CHEMBL1909186, CHEMBL603, ZLK
CHEMBL1827, None, Phosphodiesterase 5A, N[C@H]1[C@@H]2CN(c3nc4c(cc3F)c(=O)c(C(=O)O)cn4-c3ccc(F)cc3F)C[C@H]12, None, CHEMBL1909186, CHEMBL428, TR6
CHEMBL1827, None, Phosphodiesterase 5A, CC1(C)O[C@@H]2C[C@H]3[C@@H]4CCC5=CC(=O)C=C[C@]5(C)[C@@]4(F)[C@@H](O)C[C@]3(C)[C@]2(C(=O)CO)O1, None, CHEMBL1909186, CHEMBL1504, 1TA
CHEMBL1827, None, Phosphodiesterase 5A, CCCC(CCC)C(=O)O, None, CHEMBL1909186, CHEMBL109, 2PP
CHEMBL1827, None, Phosphodiesterase 5A, Nc1nc(N)c2nc(-c3ccccc3)c(N)nc2n1, None, CHEMBL1909186, CHEMBL585, DX2
CHEMBL1827, None, Phosphodiesterase 5A, CCCCC(=O)N(Cc1ccc(-c2ccccc2-c2nnn[nH]2)cc1)[C@H](C(=O)O)C(C)C, None, CHEMBL1909186, CHEMBL1069, U35
CHEMBL1827, None, Phosphodiesterase 5A, NC[C@H]1CC[C@H](C(=O)O)CC1, None, CHEMBL1909186, CHEMBL877, AMH
CHEMBL1827, None, Phosphodiesterase 5A, Cc1cn([C@H]2C[C@H](N=[N+]=[N-])[C@@H](CO)O2)c(=O)[nH]c1=O, None, CHEMBL1909186, CHEMBL129, AZZ
CHEMBL1827, None, Phosphodiesterase 5A, O=c1ncn2nc(Sc3ccc(F)cc3F)ccc2c1-c1c(Cl)cccc1Cl, None, CHEMBL1909186, CHEMBL119385, 52P
CHEMBL1827, None, Phosphodiesterase 5A, COc1ccc(/C=C/C(=O)Nc2ccccc2C(=O)O)cc1OC, None, CHEMBL1909186, CHEMBL415324, D27
CHEMBL1827, None, Phosphodiesterase 5A, CC(C)C[C@H](NC(=O)[C@@H](O)[C@H](N)Cc1ccccc1)C(=O)O, None, CHEMBL1909186, CHEMBL29292, BES
CHEMBL1827, None, Phosphodiesterase 5A, CC(=O)CC(c1ccccc1)c1c(O)c2ccccc2oc1=O, None, CHEMBL1909186, CHEMBL1464, 719
CHEMBL1827, None, Phosphodiesterase 5A, [Cl-].[Cl-].[Zn+2], None, CHEMBL1909186, CHEMBL1200679, 271
CHEMBL1827, None, Phosphodiesterase 5A, O=c1n(CCCN2CCN(c3cccc(Cl)c3)CC2)nc2ccccn12, None, CHEMBL1909186, CHEMBL621, 213
CHEMBL1827, None, Phosphodiesterase 5A, NC(CO)(CO)CO, None, CHEMBL1909186, CHEMBL1200391, 317
CHEMBL1827, None, Phosphodiesterase 5A, C[C@@H](N)[C@H]1CC[C@H](C(=O)Nc2ccncc2)CC1, None, CHEMBL1909186, CHEMBL559147, Y27
CHEMBL1827, None, Phosphodiesterase 5A, CC1=C(/C=C/C(C)=C/C=C/C(C)=C/C(=O)O)C(C)(C)CCC1, None, CHEMBL1909186, CHEMBL38, REA
CHEMBL1827, None, Phosphodiesterase 5A, CC(C)[C@H](N)C(=O)OCCOCn1cnc2c(=O)nc(N)[nH]c21, None, CHEMBL1909186, CHEMBL1349, TXC
CHEMBL1827, None, Phosphodiesterase 5A, COC(=O)[C@H]1[C@@H](O)CC[C@H]2CN3CCc4c([nH]c5ccccc45)[C@@H]3C[C@@H]21, None, CHEMBL1909186, CHEMBL15245, 102
CHEMBL1827, None, Phosphodiesterase 5A, Nc1c2c(nc3ccccc13)CCCC2, None, CHEMBL1909186, CHEMBL95, THA
CHEMBL1827, None, Phosphodiesterase 5A, CC(=O)S[C@@H]1CC2=CC(=O)CC[C@]2(C)[C@H]2CC[C@@]3(C)[C@@H](CC[C@@]34CCC(=O)O4)[C@@H]21, None, CHEMBL1909186, CHEMBL1393, SNL
CHEMBL1827, None, Phosphodiesterase 5A, O=C1C[C@@H]2OCC=C3CN4CC[C@]56c7ccccc7N1[C@H]5[C@H]2[C@H]3C[C@H]46, None, CHEMBL1909186, CHEMBL227934, SY9
CHEMBL1827, None, Phosphodiesterase 5A, CN(C)[C@@H]1C(O)=C(C(N)=O)C(=O)[C@@]2(O)C(O)=C3C(=O)c4c(O)cccc4[C@@](C)(O)[C@H]3C[C@@H]12, None, CHEMBL1909186, CHEMBL1440, TAC
CHEMBL1827, None, Phosphodiesterase 5A, Nc1nc2[nH]cnc2c(=S)[nH]1, None, CHEMBL1909186, CHEMBL727, DX4
CHEMBL1827, None, Phosphodiesterase 5A, CO[C@H]1C[C@@H]2CC[C@@H](C)[C@@](O)(O2)C(=O)C(=O)N2CCCC[C@H]2C(=O)O[C@H]([C@H](C)C[C@@H]2CC[C@@H](O)[C@H](OC)C2)CC(=O)[C@H](C)/C=C(\C)[C@@H](O)[C@@H](OC)C(=O)[C@H](C)C[C@H](C)/C=C/C=C/C=C/1C, None, CHEMBL1909186, CHEMBL413, RAP
CHEMBL1827, None, Phosphodiesterase 5A, NC(=O)c1ccccc1O, None, CHEMBL1909186, CHEMBL27577, OHB
CHEMBL1827, None, Phosphodiesterase 5A, C=CC[C@@H]1/C=C(\C)C[C@H](C)C[C@H](OC)[C@H]2O[C@@](O)(C(=O)C(=O)N3CCCC[C@H]3C(=O)O[C@H](/C(C)=C/[C@@H]3CC[C@@H](O)[C@H](OC)C3)[C@H](C)[C@@H](O)CC1=O)[C@H](C)C[C@@H]2OC, None, CHEMBL1909186, CHEMBL269732, FK5
CHEMBL1827, None, Phosphodiesterase 5A, CC1(C)[C@H](C(=O)O)N2C(=O)C[C@H]2S1(=O)=O, None, CHEMBL1909186, CHEMBL403, 0RN
CHEMBL1827, None, Phosphodiesterase 5A, CSc1ccc2c(c1)N(CCC1CCCCN1C)c1ccccc1S2, None, CHEMBL1909186, CHEMBL479, 100
CHEMBL1827, None, Phosphodiesterase 5A, NC[C@H]1O[C@H](O[C@@H]2[C@@H](N)C[C@@H](N)[C@H](O[C@H]3O[C@H](CO)[C@@H](O)[C@H](N)[C@H]3O)[C@H]2O)[C@H](N)C[C@@H]1O, None, CHEMBL1909186, CHEMBL1747, TOY
CHEMBL1827, None, Phosphodiesterase 5A, O=P(O)(O)C(O)(Cc1cccnc1)P(=O)(O)O, None, CHEMBL1909186, CHEMBL923, RIS
CHEMBL1827, None, Phosphodiesterase 5A, CC[C@H]1OC(=O)[C@H](C)[C@@H](O[C@H]2C[C@@](C)(OC)[C@@H](O)[C@H](C)O2)[C@H](C)[C@@H](O[C@@H]2O[C@H](C)C[C@H](N(C)C)[C@H]2O)[C@](C)(O)C[C@@H](C)/C(=N\OCOCCOC)[C@H](C)[C@@H](O)[C@]1(C)O, None, CHEMBL1909186, CHEMBL1214185, ROX
CHEMBL1827, None, Phosphodiesterase 5A, O=C(O)c1ccccc1O, None, CHEMBL1909186, CHEMBL424, SAL
CHEMBL1827, None, Phosphodiesterase 5A, Cc1cc(NS(=O)(=O)c2ccc(N)cc2)no1, None, CHEMBL1909186, CHEMBL443, 08D
CHEMBL1827, None, Phosphodiesterase 5A, CSc1ccc(/C=C2/C(C)=C(CC(=O)O)c3cc(F)ccc32)cc1, None, CHEMBL1909186, CHEMBL18797, SFI
CHEMBL1827, None, Phosphodiesterase 5A, CC/C(=C(\c1ccccc1)c1ccc(OCCN(C)C)cc1)c1ccccc1, None, CHEMBL1909186, CHEMBL83, CTX
CHEMBL1827, None, Phosphodiesterase 5A, C[C@]12CC[C@H]3[C@@H](CC[C@H]4CC(=O)CC[C@@]43C)[C@@H]1CC[C@@H]2O, None, CHEMBL1909186, CHEMBL27769, DHT
CHEMBL1827, None, Phosphodiesterase 5A, Cn1c(=O)c2nc[nH]c2n(C)c1=O, None, CHEMBL1909186, CHEMBL190, TEP
CHEMBL1827, None, Phosphodiesterase 5A, Oc1ccc(/C=C/c2cc(O)cc(O)c2)cc1, None, CHEMBL1909186, CHEMBL165, STL
CHEMBL1827, None, Phosphodiesterase 5A, Cc1nc2n(c(=O)c1CCN1CCC(c3noc4cc(F)ccc34)CC1)CCCC2, None, CHEMBL1909186, CHEMBL85, 8NU
CHEMBL1827, None, Phosphodiesterase 5A, Nc1ccc(S(=O)(=O)NC(=O)c2ccccc2)cc1, None, CHEMBL1909186, CHEMBL1243, BS4
CHEMBL1827, None, Phosphodiesterase 5A, Nc1ccc(S(N)(=O)=O)cc1, None, CHEMBL1909186, CHEMBL21, SAN
CHEMBL1827, None, Phosphodiesterase 5A, CC1=C(CC(=O)O)c2cc(F)ccc2/C1=C\c1ccc(S(C)(=O)=O)cc1, None, CHEMBL1909186, CHEMBL488025, SLO
CHEMBL1827, None, Phosphodiesterase 5A, c1ccc2[nH]c(-c3cscn3)nc2c1, None, CHEMBL1909186, CHEMBL625, TMG
CHEMBL1827, None, Phosphodiesterase 5A, CC(C)Cc1ccc([C@@H](C)C(=O)O)cc1, None, CHEMBL1909186, CHEMBL427526, IZP
CHEMBL1827, None, Phosphodiesterase 5A, NC(=O)c1ncn([C@@H]2O[C@H](CO)[C@@H](O)[C@H]2O)n1, None, CHEMBL1909186, CHEMBL1643, RBV
CHEMBL1827, None, Phosphodiesterase 5A, CC(C)c1nc(CN(C)C(=O)N[C@H](C(=O)N[C@@H](Cc2ccccc2)C[C@H](O)[C@H](Cc2ccccc2)NC(=O)OCc2cncs2)C(C)C)cs1, None, CHEMBL1909186, CHEMBL163, RIT
CHEMBL1827, None, Phosphodiesterase 5A, CC(C)NC[C@H](O)COc1cccc2ccccc12, None, CHEMBL1909186, CHEMBL452861, SNP
CHEMBL1827, None, Phosphodiesterase 5A, CN[C@H]1CC[C@@H](c2ccc(Cl)c(Cl)c2)c2ccccc21, None, CHEMBL1909186, CHEMBL809, SRE
CHEMBL1827, None, Phosphodiesterase 5A, Nc1ccc(S(=O)(=O)Nc2ncccn2)cc1, None, CHEMBL1909186, CHEMBL439, SSD
CHEMBL1827, None, Phosphodiesterase 5A, CC(C)(C)NCC(O)c1cc(O)cc(O)c1, None, CHEMBL1909186, CHEMBL1760, 560
CHEMBL1827, None, Phosphodiesterase 5A, CS(=O)(=O)c1ccc([C@@H](O)[C@@H](CO)NC(=O)C(Cl)Cl)cc1, None, CHEMBL1909186, CHEMBL1236282, TH8
CHEMBL1827, None, Phosphodiesterase 5A, Clc1ccccc1CN1CCc2sccc2C1, None, CHEMBL1909186, CHEMBL833, TIC
CHEMBL1827, None, Phosphodiesterase 5A, Cc1ccc(C(=O)c2ccc(CC(=O)O)n2C)cc1, None, CHEMBL1909186, CHEMBL1020, TLT
CHEMBL1827, None, Phosphodiesterase 5A, CO[C@H]1/C=C/O[C@@]2(C)Oc3c(C)c(O)c4c(c3C2=O)C2=NC3(CCN(CC(C)C)CC3)NC2=C(NC(=O)/C(C)=C\C=C\[C@H](C)[C@H](O)[C@@H](C)[C@@H](O)[C@@H](C)[C@H](OC(C)=O)[C@@H]1C)C4=O, None, CHEMBL1909186, CHEMBL444633, RBT
CHEMBL1827, None, Phosphodiesterase 5A, CC(C)(C)NC(=O)[C@@H]1C[C@@H]2CCCC[C@@H]2CN1C[C@@H](O)[C@H](Cc1ccccc1)NC(=O)[C@H](CC(N)=O)NC(=O)c1ccc2ccccc2n1, None, CHEMBL1909186, CHEMBL114, ROC
CHEMBL1827, None, Phosphodiesterase 5A, CCCc1nn(C)c2c(=O)[nH]c(-c3cc(S(=O)(=O)N4CCN(C)CC4)ccc3OCC)nc12, 4.577, CHEMBL1909186, CHEMBL192, VIA
CHEMBL1827, None, Phosphodiesterase 5A, CN[C@@H]1[C@H](O[C@H]2[C@H](O[C@@H]3[C@@H](N=C(N)N)[C@H](O)[C@@H](N=C(N)N)[C@H](O)[C@H]3O)O[C@@H](C)[C@]2(O)C=O)O[C@@H](CO)[C@H](O)[C@H]1O, None, CHEMBL1909186, CHEMBL372795, SRY
CHEMBL1827, None, Phosphodiesterase 5A, O=C(O)c1cc(/N=N/c2ccc(S(=O)(=O)Nc3ccccn3)cc2)ccc1O, None, CHEMBL1909186, CHEMBL421, SAS
CHEMBL1827, None, Phosphodiesterase 5A, O=C(c1ccc(OCCN2CCCCC2)cc1)c1c(-c2ccc(O)cc2)sc2cc(O)ccc12, None, CHEMBL1909186, CHEMBL81, RAL
CHEMBL1827, None, Phosphodiesterase 5A, CO[C@H]1/C=C/O[C@@]2(C)Oc3c(C)c(O)c4c(O)c(c(/C=N/N5CCN(C)CC5)c(O)c4c3C2=O)NC(=O)/C(C)=C\C=C\[C@H](C)[C@H](O)[C@@H](C)[C@@H](O)[C@@H](C)[C@H](OC(C)=O)[C@@H]1C, None, CHEMBL1909186, CHEMBL374478, RFP
CHEMBL1827, None, Phosphodiesterase 5A, CS(=O)(=O)c1ccc(C2=C(c3ccccc3)C(=O)OC2)cc1, None, CHEMBL1909186, CHEMBL122, RCX
CHEMBL1827, None, Phosphodiesterase 5A, Nc1ccc(S(=O)(=O)Nc2nccs2)cc1, None, CHEMBL1909186, CHEMBL437, YTZ
CHEMBL1827, None, Phosphodiesterase 5A, C[C@]12CC[C@H]3[C@@H](CCC4=CC(=O)CC[C@@]43C)[C@@H]1CC[C@@H]2O, None, CHEMBL1909186, CHEMBL386630, TES
CHEMBL1827, None, Phosphodiesterase 5A, CC(C)(C)NC[C@H](O)COc1nsnc1N1CCOCC1, None, CHEMBL1909186, CHEMBL499, TIM
CHEMBL1827, None, Phosphodiesterase 5A, CO[C@H]1/C=C/O[C@@]2(C)Oc3c(C)c(O)c4c(O)c(c(/C=N/N5CCN(C6CCCC6)CC5)c(O)c4c3C2=O)NC(=O)/C(C)=C\C=C\[C@H](C)[C@H](O)[C@@H](C)[C@@H](O)[C@@H](C)[C@H](OC(C)=O)[C@@H]1C, None, CHEMBL1909186, CHEMBL1660, RPT
CHEMBL1827, None, Phosphodiesterase 5A, CN[C@H]1[C@@H](O)[C@@H](NC)[C@H](O)[C@H]2O[C@@H]3O[C@H](C)CC(=O)[C@]3(O)O[C@H]12, None, CHEMBL1909186, CHEMBL1167, SCM
CHEMBL1827, None, Phosphodiesterase 5A, CN[C@@H]1[C@@H](O)[C@@H](O[C@@H]2[C@@H](O)[C@H](O[C@H]3OC(CN)=CC[C@H]3N)[C@@H](N)C[C@H]2N)OC[C@]1(C)O, None, CHEMBL1909186, CHEMBL221886, SIS
CHEMBL1827, None, Phosphodiesterase 5A, CCCCNc1ccc(C(=O)OCCN(C)C)cc1, None, CHEMBL1909186, CHEMBL698, TE4
CHEMBL1827, None, Phosphodiesterase 5A, O=C(O)CCCC[C@@H]1CCSS1, None, CHEMBL1909186, CHEMBL134342, LPA
CHEMBL1827, None, Phosphodiesterase 5A, CC[C@@]1(O)C(=O)OCc2c1cc1n(c2=O)Cc2cc3c(CN(C)C)c(O)ccc3nc2-1, None, CHEMBL1909186, CHEMBL84, TTC
CHEMBL1827, None, Phosphodiesterase 5A, Nc1nc2ccc(OC(F)(F)F)cc2s1, None, CHEMBL1909186, CHEMBL744, 657
CHEMBL1827, None, Phosphodiesterase 5A, C=C(C)[C@H]1Cc2c(ccc3c2O[C@@H]2COc4cc(OC)c(OC)cc4[C@@H]2C3=O)O1, None, CHEMBL1909186, CHEMBL429023, 970
CHEMBL1827, None, Phosphodiesterase 5A, CC(C)(C)NCC(O)c1ccc(O)c(CO)c1, None, CHEMBL1909186, CHEMBL714, 558
CHEMBL1827, None, Phosphodiesterase 5A, CCCc1nc(C)c2c(C)nc3ccc(OC)nc3n12, 920.0, CHEMBL1918963, CHEMBL1086110, Z73
CHEMBL1827, None, Phosphodiesterase 5A, COc1ccc2nc(C)c3c(C)nc(-c4cnccc4C)n3c2n1, 1850.0, CHEMBL1918963, CHEMBL1916091, 546
CHEMBL1827, None, Phosphodiesterase 5A, COc1cc(F)cc2c1nc(C)c1c(C)nc(-c3ccncc3C)n12, 5000.0, CHEMBL1918963, CHEMBL1916113, 540
CHEMBL1827, None, Phosphodiesterase 5A, Cc1cnccc1-c1nc(C)c2c(C)nc3c(Cl)cc(C(F)(F)F)cc3n12, 1000.0, CHEMBL1918963, CHEMBL1916132, 548
CHEMBL1827, None, Phosphodiesterase 5A, CCCOCCn1c(=O)nc(NCCOC(C)C)c2cnc(-c3ccc(OC)nc3)cc21, 0.1, CHEMBL1919539, CHEMBL1916290, 0H3
CHEMBL1827, None, Phosphodiesterase 5A, C[C@@H]1CN(Cc2ncccn2)C[C@H]1c1nc2c(cnn2C2CCOCC2)c(=O)[nH]1, 10000.0, CHEMBL2185800, CHEMBL2179105, 7RG
CHEMBL1827, None, Phosphodiesterase 5A, CCCc1nn(C)c2c(=O)[nH]c(-c3cc(S(=O)(=O)N4CCN(C)CC4)ccc3OCC)nc12, 3.9, CHEMBL2184512, CHEMBL192, VIA
CHEMBL1827, None, Phosphodiesterase 5A, CCCOc1ccc(S(=O)(=O)N2CCN(C)CC2)cc1-c1nc(CC)c(CC)c(=O)[nH]1, 1.6, CHEMBL2184512, CHEMBL2180945, NI0
CHEMBL1827, None, Phosphodiesterase 5A, CCCOc1ccc(S(=O)(=O)N2CCN(C)CC2)cc1-c1nc2c(c(=O)[nH]1)CCC2, 1000.0, CHEMBL2184512, CHEMBL2180955, NI5
CHEMBL1827, None, Phosphodiesterase 5A, CN1CC(=O)N2[C@H](Cc3c([nH]c4ccccc34)[C@H]2c2ccc3c(c2)OCO3)C1=O, 1.2, CHEMBL2345130, CHEMBL779, CIA
CHEMBL1827, None, Phosphodiesterase 5A, CCCc1nc(C)c2c(=O)nc(-c3cc(S(=O)(=O)N4CCN(CC)CC4)ccc3OCC)[nH]n12, 1.0, CHEMBL2345130, CHEMBL1520, VDN
CHEMBL1827, None, Phosphodiesterase 5A, CCCc1nn(C)c2c(=O)[nH]c(-c3cc(S(=O)(=O)N4CCN(C)CC4)ccc3OCC)nc12, 2.2, CHEMBL2345130, CHEMBL192, VIA
CHEMBL1827, None, Phosphodiesterase 5A, CCC(C#N)(CC)Nc1nc(NC)nc(-n2cncn2)n1, 1000.0, CHEMBL2405815, CHEMBL2402509, 1S1
CHEMBL1827, None, Phosphodiesterase 5A, CCCOc1ccc(C(=O)CN2CCN(C)CC2)cc1-c1nc(C(C)C)c(Br)c(=O)[nH]1, 18.2, CHEMBL2415776, CHEMBL2414314, 5BA
CHEMBL1827, None, Phosphodiesterase 5A, CCCCCCCCc1nc(-c2cc(S(=O)(=O)N3CCN(C)CC3)ccc2OCC)[nH]c(=O)c1Br, 77.0, CHEMBL2415776, CHEMBL2414304, 5BB
CHEMBL1827, None, Phosphodiesterase 5A, OCC1CCN(c2nccnc2OC2CN(c3ccc4ccccc4n3)C2)CC1, 30000.0, CHEMBL3384791, CHEMBL2180767, 35E
CHEMBL1827, None, Phosphodiesterase 5A, CC(=O)N1CCC(c2nc3ccccc3nc2OC2CN(c3ccc4ccccc4n3)C2)CC1, 30000.0, CHEMBL3384791, CHEMBL3356684, 35D
CHEMBL1827, None, Phosphodiesterase 5A, CCCc1nn(C)c2c(=O)[nH]c(-c3cc(S(=O)(=O)N4CCN(C)CC4)ccc3OCC)nc12, 1.6, CHEMBL3387063, CHEMBL192, VIA
CHEMBL1827, None, Phosphodiesterase 5A, COc1ccc(NC(=O)[C@@H](C)Nc2nc3c(cnn3C3CCCC3)c(=O)[nH]2)cc1, 90.6, CHEMBL3383764, CHEMBL3360415, 35O
CHEMBL1827, None, Phosphodiesterase 5A, CCCCOc1cncc(-c2nnc3c(C)nc4ccc(CN5CCOCC5)cc4n23)c1, 10000.0, CHEMBL3390277, CHEMBL3331521, Q2T
CHEMBL1827, None, Phosphodiesterase 5A, CCCc1nn(C)c2c(=O)[nH]c(-c3cc(S(=O)(=O)N4CCN(C)CC4)ccc3OCC)nc12, 5.6, CHEMBL3405811, CHEMBL192, VIA
CHEMBL1827, None, Phosphodiesterase 5A, CCCc1nn(C)c2c(=O)[nH]c(-c3cc(S(=O)(=O)N4CCN(C)CC4)ccc3OCC)nc12, 5.6, CHEMBL3405816, CHEMBL192, VIA
CHEMBL1827, None, Phosphodiesterase 5A, COc1ccc(C2=NN(C3CCCCCC3)C(=O)[C@@H]3CC=CC[C@H]23)cc1OCCCCOc1ccc(-c2nnn[nH]2)cc1, 1995.26, CHEMBL3769082, CHEMBL2326941, 6M5
CHEMBL1827, None, Phosphodiesterase 5A, O=c1c(OCCN2CCn3c2nc2ccccc23)cn(CC2CC2)nc1-c1ccnn1-c1ccccc1, 10000.0, CHEMBL3815672, CHEMBL3814662, 6DW
CHEMBL1827, None, Phosphodiesterase 5A, CCCc1nn(C)c2c(=O)[nH]c(-c3cc(S(=O)(=O)N4CCN(C)CC4)ccc3OCC)nc12, 8.5, CHEMBL3860975, CHEMBL192, VIA
CHEMBL1827, None, Phosphodiesterase 5A, CCCc1nc(C)c2c(=O)nc(-c3cc(S(=O)(=O)N4CCN(CC)CC4)ccc3OCC)[nH]n12, 0.89, CHEMBL3860975, CHEMBL1520, VDN
CHEMBL1827, None, Phosphodiesterase 5A, CN1CC(=O)N2[C@H](Cc3c([nH]c4ccccc34)[C@H]2c2ccc3c(c2)OCO3)C1=O, 9.4, CHEMBL3860975, CHEMBL779, CIA
CHEMBL1827, None, Phosphodiesterase 5A, CCCc1nn(C)c2c(=O)[nH]c(-c3cc(S(=O)(=O)N4CCN(C)CC4)ccc3OCC)nc12, 4.0, CHEMBL3860990, CHEMBL192, VIA
CHEMBL1827, None, Phosphodiesterase 5A, COc1ccc(C/N=c2\[nH]c(N3CCC[C@H]3CO)ncc2C(=O)NCc2ncccn2)cc1Cl, 12.25, CHEMBL3888593, CHEMBL1963681, E6L
CHEMBL1827, None, Phosphodiesterase 5A, COc1ccc(C/N=c2\[nH]c(N3CCC[C@H]3CO)ncc2C(=O)NCc2ncccn2)cc1Cl, 17.32, CHEMBL3888593, CHEMBL1963681, E6L
CHEMBL1827, None, Phosphodiesterase 5A, COc1ccc(C/N=c2\[nH]c(N3CCC[C@H]3CO)ncc2C(=O)NCc2ncccn2)cc1Cl, 9.29, CHEMBL3888593, CHEMBL1963681, E6L
CHEMBL1827, None, Phosphodiesterase 5A, COc1ccc(C/N=c2\[nH]c(N3CCC[C@H]3CO)ncc2C(=O)NCc2ncccn2)cc1Cl, 17.32, CHEMBL3888593, CHEMBL1963681, E6L
CHEMBL1827, None, Phosphodiesterase 5A, COc1ccc(C/N=c2\[nH]c(N3CCC[C@H]3CO)ncc2C(=O)NCc2ncccn2)cc1Cl, 17.32, CHEMBL3888593, CHEMBL1963681, E6L
CHEMBL1827, None, Phosphodiesterase 5A, COc1ccc(C/N=c2\[nH]c(N3CCC[C@H]3CO)ncc2C(=O)NCc2ncccn2)cc1Cl, 17.32, CHEMBL3888593, CHEMBL1963681, E6L
CHEMBL1827, None, Phosphodiesterase 5A, COc1ccc(C/N=c2\[nH]c(N3CCC[C@H]3CO)ncc2C(=O)NCc2ncccn2)cc1Cl, 17.32, CHEMBL3888593, CHEMBL1963681, E6L
CHEMBL1827, None, Phosphodiesterase 5A, COc1ccc(C/N=c2\[nH]c(N3CCC[C@H]3CO)ncc2C(=O)NCc2ncccn2)cc1Cl, 17.32, CHEMBL3888593, CHEMBL1963681, E6L
CHEMBL1827, None, Phosphodiesterase 5A, COc1ccc(C/N=c2\[nH]c(N3CCC[C@H]3CO)ncc2C(=O)NCc2ncccn2)cc1Cl, 17.32, CHEMBL3888593, CHEMBL1963681, E6L
CHEMBL1827, None, Phosphodiesterase 5A, COc1ccc(C/N=c2\[nH]c(N3CCC[C@H]3CO)ncc2C(=O)NCc2ncccn2)cc1Cl, 12.53, CHEMBL3888593, CHEMBL1963681, E6L
CHEMBL1827, None, Phosphodiesterase 5A, COc1ccc(C/N=c2\[nH]c(N3CCC[C@H]3CO)ncc2C(=O)NCc2ncccn2)cc1Cl, 10.77, CHEMBL3888593, CHEMBL1963681, E6L
CHEMBL1827, None, Phosphodiesterase 5A, COc1ccc(C/N=c2\[nH]c(N3CCC[C@H]3CO)ncc2C(=O)NCc2ncccn2)cc1Cl, 10.77, CHEMBL3888593, CHEMBL1963681, E6L
CHEMBL1827, None, Phosphodiesterase 5A, COc1ccc(C/N=c2\[nH]c(N3CCC[C@H]3CO)ncc2C(=O)NCc2ncccn2)cc1Cl, 10.77, CHEMBL3888593, CHEMBL1963681, E6L
CHEMBL1827, None, Phosphodiesterase 5A, COc1ccc(C/N=c2\[nH]c(N3CCC[C@H]3CO)ncc2C(=O)NCc2ncccn2)cc1Cl, 10.77, CHEMBL3888593, CHEMBL1963681, E6L
CHEMBL1827, None, Phosphodiesterase 5A, COc1ccc(C/N=c2\[nH]c(N3CCC[C@H]3CO)ncc2C(=O)NCc2ncccn2)cc1Cl, 10.77, CHEMBL3888593, CHEMBL1963681, E6L
CHEMBL1827, None, Phosphodiesterase 5A, COc1ccc(C/N=c2\[nH]c(N3CCC[C@H]3CO)ncc2C(=O)NCc2ncccn2)cc1Cl, 20.86, CHEMBL3888593, CHEMBL1963681, E6L
CHEMBL1827, None, Phosphodiesterase 5A, COc1ccc(C/N=c2\[nH]c(N3CCC[C@H]3CO)ncc2C(=O)NCc2ncccn2)cc1Cl, 20.86, CHEMBL3888593, CHEMBL1963681, E6L
CHEMBL1827, None, Phosphodiesterase 5A, COc1ccc(C/N=c2\[nH]c(N3CCC[C@H]3CO)ncc2C(=O)NCc2ncccn2)cc1Cl, 20.86, CHEMBL3888593, CHEMBL1963681, E6L
CHEMBL1827, None, Phosphodiesterase 5A, COc1ccc(C/N=c2\[nH]c(N3CCC[C@H]3CO)ncc2C(=O)NCc2ncccn2)cc1Cl, 20.86, CHEMBL3888593, CHEMBL1963681, E6L
CHEMBL1827, None, Phosphodiesterase 5A, COc1ccc(C/N=c2\[nH]c(N3CCC[C@H]3CO)ncc2C(=O)NCc2ncccn2)cc1Cl, 26.04, CHEMBL3888593, CHEMBL1963681, E6L
CHEMBL1827, None, Phosphodiesterase 5A, COc1ccc(C/N=c2\[nH]c(N3CCC[C@H]3CO)ncc2C(=O)NCc2ncccn2)cc1Cl, 26.04, CHEMBL3888593, CHEMBL1963681, E6L
CHEMBL1827, None, Phosphodiesterase 5A, COc1ccc(C/N=c2\[nH]c(N3CCC[C@H]3CO)ncc2C(=O)NCc2ncccn2)cc1Cl, 26.04, CHEMBL3888593, CHEMBL1963681, E6L
CHEMBL1827, None, Phosphodiesterase 5A, COc1ccc(C/N=c2\[nH]c(N3CCC[C@H]3CO)ncc2C(=O)NCc2ncccn2)cc1Cl, 8.557, CHEMBL3888593, CHEMBL1963681, E6L
CHEMBL1827, None, Phosphodiesterase 5A, COc1ccc(C/N=c2\[nH]c(N3CCC[C@H]3CO)ncc2C(=O)NCc2ncccn2)cc1Cl, 6.993, CHEMBL3888593, CHEMBL1963681, E6L
CHEMBL1827, None, Phosphodiesterase 5A, Cc1ccc(-c2cc(C(F)(F)F)nn2-c2ccc(S(N)(=O)=O)cc2)cc1, 36000.0, CHEMBL3888705, CHEMBL118, CEL
CHEMBL1827, None, Phosphodiesterase 5A, Cc1cc([C@@H]2CN(C(=O)c3ccc(F)c(Br)c3)CC(F)(F)C2)n2ncnc2n1, 10000.0, CHEMBL4008523, CHEMBL4074744, 7OJ
CHEMBL1827, None, Phosphodiesterase 5A, O=c1n(Cc2ccc(Cl)cc2)c2sc3c(c2c2ncnn12)CCCC3, 370.0, CHEMBL4011526, CHEMBL1463540, 8HP
CHEMBL1827, None, Phosphodiesterase 5A, CCCc1nc(C)c2c(=O)nc(-c3cc(S(=O)(=O)N4CCN(CC)CC4)ccc3OCC)[nH]n12, 0.17, CHEMBL4028018, CHEMBL1520, VDN
CHEMBL1827, None, Phosphodiesterase 5A, CC[C@@H](NC(=O)c1cnn2cc(C)cnc12)c1ccc(OC(F)(F)F)cc1, 10000.0, CHEMBL4040931, CHEMBL4059831, 87R
CHEMBL1827, None, Phosphodiesterase 5A, COC[C@@H](NC(=O)N1CC(=O)Nc2cc(OC)cnc21)c1ccc(OC(F)(F)F)c(F)c1, 30000.0, CHEMBL4041348, CHEMBL4060569, 9GJ
CHEMBL1827, None, Phosphodiesterase 5A, CCCc1nn(C)c2c(=O)[nH]c(-c3cc(S(=O)(=O)N4CCN(C)CC4)ccc3OCC)nc12, 12590.0, CHEMBL4058384, CHEMBL192, VIA
CHEMBL1827, None, Phosphodiesterase 5A, COc1ccc2c(N[C@@H](C)Cc3cc(C)[nH]n3)ncnc2c1OC, 54.3, CHEMBL4122470, CHEMBL4128481, 0NY
CHEMBL1827, None, Phosphodiesterase 5A, CN1CC(=O)N2[C@H](Cc3c([nH]c4ccccc34)[C@H]2c2ccc3c(c2)OCO3)C1=O, 1.2, CHEMBL4194556, CHEMBL779, CIA
CHEMBL1827, None, Phosphodiesterase 5A, CCCc1nn(C)c2c(=O)[nH]c(-c3cc(S(=O)(=O)N4CCN(C)CC4)ccc3OCC)nc12, 2.2, CHEMBL4194553, CHEMBL192, VIA
CHEMBL1827, None, Phosphodiesterase 5A, CCCc1nn(C)c2c(=O)[nH]c(-c3cc(S(=O)(=O)N4CCN(C)CC4)ccc3OCC)nc12, 3.981, CHEMBL4194770, CHEMBL192, VIA
CHEMBL1827, None, Phosphodiesterase 5A, CCCc1nc(C)c2c(=O)nc(-c3cc(S(=O)(=O)N4CCN(CC)CC4)ccc3OCC)[nH]n12, 0.5012, CHEMBL4194770, CHEMBL1520, VDN
CHEMBL1827, None, Phosphodiesterase 5A, CN1CC(=O)N2[C@H](Cc3c([nH]c4ccccc34)[C@H]2c2ccc3c(c2)OCO3)C1=O, 3.162, CHEMBL4194770, CHEMBL779, CIA
CHEMBL1827, None, Phosphodiesterase 5A, CCCc1nn(C)c2c(=O)[nH]c(-c3cc(S(=O)(=O)N4CCN(C)CC4)ccc3OCC)nc12, 3.65, CHEMBL4198189, CHEMBL192, VIA
CHEMBL1827, None, Phosphodiesterase 5A, CCCc1nn(C)c2c(=O)[nH]c(-c3cc(S(=O)(=O)N4CCN(C)CC4)ccc3OCC)nc12, 8.5, CHEMBL4198895, CHEMBL192, VIA
CHEMBL1827, None, Phosphodiesterase 5A, CCCc1nc(C)c2c(=O)nc(-c3cc(S(=O)(=O)N4CCN(CC)CC4)ccc3OCC)[nH]n12, 0.89, CHEMBL4198895, CHEMBL1520, VDN
CHEMBL1827, None, Phosphodiesterase 5A, CN1CC(=O)N2[C@H](Cc3c([nH]c4ccccc34)[C@H]2c2ccc3c(c2)OCO3)C1=O, 9.4, CHEMBL4198895, CHEMBL779, CIA
CHEMBL1827, None, Phosphodiesterase 5A, O=c1c2ccccc2oc2c(Cc3ccc(O)cc3)[nH]c(-c3cccs3)c12, 17.0, CHEMBL4200907, CHEMBL4210889, 24E
CHEMBL1827, None, Phosphodiesterase 5A, O=c1c2c(F)cccc2oc2c(Cc3ccc4c(c3)OCO4)[nH]c(-c3nccs3)c12, 1.41, CHEMBL4200907, CHEMBL4206819, 9M0
CHEMBL1827, None, Phosphodiesterase 5A, CCCc1nn(C)c2c(=O)[nH]c(-c3cc(S(=O)(=O)N4CCN(C)CC4)ccc3OCC)nc12, 5.1, CHEMBL4200907, CHEMBL192, VIA
CHEMBL1827, None, Phosphodiesterase 5A, CN1CC(=O)N2[C@H](Cc3c([nH]c4ccccc34)[C@H]2c2ccc3c(c2)OCO3)C1=O, 4.67, CHEMBL4268474, CHEMBL779, CIA
CHEMBL1827, None, Phosphodiesterase 5A, O=c1c2ccccc2oc2c(Cc3ccc(O)cc3)[nH]c(-c3cccs3)c12, 17.0, CHEMBL4268472, CHEMBL4210889, 24E
CHEMBL1827, None, Phosphodiesterase 5A, CCn1ncc(-c2nc3c(O[C@H]4CCN(C(=O)C5CCOCC5)C4)ncnc3n2C)c1C, 50000.0, CHEMBL4348840, CHEMBL4570812, K47
CHEMBL1827, None, Phosphodiesterase 5A, CN1CC(=O)N2[C@H](Cc3c([nH]c4ccccc34)[C@H]2c2ccc3c(c2)OCO3)C1=O, 4.0, CHEMBL4353121, CHEMBL779, CIA
CHEMBL1827, None, Phosphodiesterase 5A, Cc1ccc2c(c1)nc(CCN1C(=O)c3cccc4cccc(c34)C1=O)n2-c1ccncc1, 20000.0, CHEMBL4355205, CHEMBL4558162, AEL
CHEMBL1827, None, Phosphodiesterase 5A, C[C@@H](Nc1nc2c(cnn2C2CCCC2)c(=O)[nH]1)C(=O)N1CC[C@H](F)C1, 4010.0, CHEMBL4385809, CHEMBL4580164, 9Q9
CHEMBL1827, None, Phosphodiesterase 5A, CCCOc1ccc(S(=O)(=O)N2CCN(C)CC2)cc1-c1nc(CC)c(CC)c(=O)[nH]1, 1.6, CHEMBL4397429, CHEMBL2180945, NI0
CHEMBL1827, None, Phosphodiesterase 5A, CCCOc1ccc(NC(=O)CN2CCN(C)CC2)cc1-c1nc(CC)c(CC)c(=O)[nH]1, 0.62, CHEMBL4397429, CHEMBL4462192, B0C
CHEMBL1827, None, Phosphodiesterase 5A, CCCc1nn(C)c2c(=O)[nH]c(-c3cc(S(=O)(=O)N4CCN(C)CC4)ccc3OCC)nc12, 4.31, CHEMBL4397429, CHEMBL192, VIA
CHEMBL1827, None, Phosphodiesterase 5A, CN1CC(=O)N2[C@H](Cc3c([nH]c4ccccc34)[C@H]2c2ccc3c(c2)OCO3)C1=O, 2.35, CHEMBL4397429, CHEMBL779, CIA
CHEMBL1827, None, Phosphodiesterase 5A, COc1cc2c(cc1OC)[C@H](CCc1c[nH]c3cc(C)ccc13)N(C=O)CC2, 5000.0, CHEMBL4397915, CHEMBL4527894, AKO
CHEMBL1827, None, Phosphodiesterase 5A, CCCc1nn(C)c2c(=O)[nH]c(-c3cc(S(=O)(=O)N4CCN(C)CC4)ccc3OCC)nc12, 1.0, CHEMBL4398716, CHEMBL192, VIA
CHEMBL1827, None, Phosphodiesterase 5A, COc1c(OCCCCCCC(=O)O)cc2oc3cc4c(c(O)c3c(=O)c2c1CC=C(C)C)C=CC(C)(C)O4, 3390.0, CHEMBL4404712, CHEMBL4471352, M36
CHEMBL1827, None, Phosphodiesterase 5A, O=c1c2ccccc2oc2c(Cc3ccc(O)cc3)[nH]c(-c3cccs3)c12, 17.0, CHEMBL4425329, CHEMBL4210889, 24E
CHEMBL1827, None, Phosphodiesterase 5A, CCCc1nn(C)c2c(=O)[nH]c(-c3cc(S(N)(=O)=O)sc3OCC)nc12, 110.0, CHEMBL4425329, CHEMBL1236703, WAN
CHEMBL1827, None, Phosphodiesterase 5A, CCCc1nn(C)c2c(=O)[nH]c(-c3cc(S(=O)(=O)N4CCN(C)CC4)ccc3OCC)nc12, 2.2, CHEMBL4425327, CHEMBL192, VIA
CHEMBL1827, None, Phosphodiesterase 5A, CCCc1nn(C)c2c(=O)[nH]c(-c3cc(S(=O)(=O)N4CCN(C)CC4)ccc3OCC)nc12, 2.2, CHEMBL4425326, CHEMBL192, VIA
CHEMBL1827, None, Phosphodiesterase 5A, CCCc1nn(C)c2c(=O)[nH]c(-c3cc(S(=O)(=O)N4CCN(C)CC4)ccc3OCC)nc12, 2.2, CHEMBL4425324, CHEMBL192, VIA
CHEMBL1827, None, Phosphodiesterase 5A, CC(C)Cn1c(=O)n(C)c(=O)c2nc[nH]c21, 2100.0, CHEMBL4425325, CHEMBL275084, IBM
CHEMBL1827, None, Phosphodiesterase 5A, CN1CC(=O)N2[C@H](Cc3c([nH]c4ccccc34)[C@H]2c2ccc3c(c2)OCO3)C1=O, 5.0, CHEMBL4620081, CHEMBL779, CIA
CHEMBL1827, None, Phosphodiesterase 5A, COc1cc2c(cc1OC)C(=O)C(CC1CCN(Cc3ccccc3)CC1)C2, 100000.0, CHEMBL4620081, CHEMBL502, 946
CHEMBL1827, None, Phosphodiesterase 5A, CCCc1nc(C)c2c(=O)nc(-c3cc(S(=O)(=O)N4CCN(CC)CC4)ccc3OCC)[nH]n12, 0.029, CHEMBL4709736, CHEMBL1520, VDN
CHEMBL1827, None, Phosphodiesterase 5A, COc1ccc(C/N=c2\[nH]c(N3CCC[C@H]3CO)ncc2C(=O)NCc2ncccn2)cc1Cl, 5200.0, CHEMBL4726490, CHEMBL1963681, E6L
CHEMBL1827, None, Phosphodiesterase 5A, COc1ccc(C/N=c2\[nH]c(N3CCC[C@H]3CO)ncc2C(=O)NCc2ncccn2)cc1Cl, 25000.0, CHEMBL4726490, CHEMBL1963681, E6L
CHEMBL1827, None, Phosphodiesterase 5A, COc1cccc2c1C(=O)N1CCc3c([nH]c4cccc(OC)c34)[C@H]1N2C, 35.0, CHEMBL4729229, CHEMBL4794748, FZA
CHEMBL1827, None, Phosphodiesterase 5A, CCCc1nn(C)c2c(=O)[nH]c(-c3cc(S(=O)(=O)N4CCN(C)CC4)ccc3OCC)nc12, 5.0, CHEMBL4729229, CHEMBL192, VIA
