target_chembl_id, target_uniprot_id, pref_name, canonical_smiles, IC50 uM, assay_chembl_id, molecule_chembl_id
CHEMBL1827, None, Phosphodiesterase 5A, CCOc1ccc(S(=O)(=O)N2CCN(C)CC2)cc1-c1nc2c(=O)[nH]c(=O)n(C)c2[nH]1, 10000.0, CHEMBL762829, CHEMBL316185
CHEMBL1827, None, Phosphodiesterase 5A, CCCOc1ccc(S(=O)(=O)N(CC)CCN(C)C)cc1-c1nc2c(=O)n(C)c(=O)n(CC(C)C)c2[nH]1, 11.0, CHEMBL762829, CHEMBL90164
CHEMBL1827, None, Phosphodiesterase 5A, CCCOc1ccccc1-c1nc2c(=O)n(C)c(=O)n(CC(C)C)c2[nH]1, 60.0, CHEMBL762829, CHEMBL87901
CHEMBL1827, None, Phosphodiesterase 5A, CCCOc1ccc(S(=O)(=O)N2CCN(CCN(C)C)CC2)cc1-c1nc2c(=O)n(C)c(=O)n(CC(C)C)c2[nH]1, 24.0, CHEMBL762829, CHEMBL313197
CHEMBL1827, None, Phosphodiesterase 5A, CC(C)COc1ccc(S(=O)(=O)N2CCN(C)CC2)cc1-c1nc2c(=O)n(C)c(=O)n(CC(C)C)c2[nH]1, 93.0, CHEMBL762829, CHEMBL86578
CHEMBL1827, None, Phosphodiesterase 5A, CCCCCCn1c(=O)n(C)c(=O)c2[nH]c(-c3cc(S(=O)(=O)N4CCN(C)CC4)ccc3OCC)nc21, 130.0, CHEMBL762829, CHEMBL313561
CHEMBL1827, None, Phosphodiesterase 5A, CC(C)Cn1c(=O)n(C)c(=O)c2[nH]c(-c3ccccc3OCc3ccccc3)nc21, 10000.0, CHEMBL762829, CHEMBL89381
CHEMBL1827, None, Phosphodiesterase 5A, CCCOc1ccc(S(=O)(=O)N2CCN(C)CC2)cc1-c1nc2c(=O)n(C)c(=O)n(CC(C)C)c2[nH]1, 10.0, CHEMBL762829, CHEMBL87202
CHEMBL1827, None, Phosphodiesterase 5A, CCCCOc1ccccc1-c1nc2c(=O)n(C)c(=O)n(CC(C)C)c2[nH]1, 135.0, CHEMBL762829, CHEMBL87954
CHEMBL1827, None, Phosphodiesterase 5A, CCCOc1ccc(S(=O)(=O)N2CCN(C(=O)N(C)C)CC2)cc1-c1nc2c(=O)n(C)c(=O)n(CC(C)C)c2[nH]1, 3.5, CHEMBL762829, CHEMBL327772
CHEMBL1827, None, Phosphodiesterase 5A, CCCOc1ccc(S(N)(=O)=O)cc1-c1nc2c(=O)n(C)c(=O)n(CC(C)C)c2[nH]1, 5.0, CHEMBL762829, CHEMBL433418
CHEMBL1827, None, Phosphodiesterase 5A, CCOc1ccc(S(=O)(=O)N2CCN(C)CC2)cc1-c1nc2c(=O)n(C)c(=O)n(CC(C)(C)C)c2[nH]1, 91.0, CHEMBL762829, CHEMBL86743
CHEMBL1827, None, Phosphodiesterase 5A, CCOc1ccc(S(=O)(=O)N2CCN(C)CC2)cc1-c1nc2c(=O)[nH]c(=O)n(CC(C)C)c2[nH]1, 315.0, CHEMBL762829, CHEMBL314981
CHEMBL1827, None, Phosphodiesterase 5A, CCOc1ccc(S(=O)(=O)N2CCN(C)CC2)cc1-c1nc2c(=O)n(C)c(=O)n(CC3CC3)c2[nH]1, 28.0, CHEMBL762829, CHEMBL87304
CHEMBL1827, None, Phosphodiesterase 5A, CC(C)Cn1c(=O)n(C)c(=O)c2[nH]c(-c3ccccc3O)nc21, 10000.0, CHEMBL762829, CHEMBL86501
CHEMBL1827, None, Phosphodiesterase 5A, CCCOc1ccc(S(=O)(=O)N2CCN(CCOC)CC2)cc1-c1nc2c(=O)n(C)c(=O)n(CC(C)C)c2[nH]1, 12.0, CHEMBL762829, CHEMBL89670
CHEMBL1827, None, Phosphodiesterase 5A, CCOc1ccc(S(=O)(=O)N2CCN(C)CC2)cc1-c1nc2c(=O)n(C)c(=O)n(CC(C)C)c2[nH]1, 20.0, CHEMBL762829, CHEMBL85350
CHEMBL1827, None, Phosphodiesterase 5A, CCOc1ccc(S(=O)(=O)N2CCN(CCN(C)C)CC2)cc1-c1nc2c(=O)n(C)c(=O)n(CC(C)C)c2[nH]1, 63.0, CHEMBL762829, CHEMBL86673
CHEMBL1827, None, Phosphodiesterase 5A, CC(C)Cn1c(=O)n(C)c(=O)c2[nH]c(-c3ccccc3F)nc21, 10000.0, CHEMBL762829, CHEMBL86598
CHEMBL1827, None, Phosphodiesterase 5A, CCOc1ccc(S(=O)(=O)N2CCN(CC)CC2)cc1-c1nc2c(=O)n(C)c(=O)n(CC(C)C)c2[nH]1, 26.0, CHEMBL762829, CHEMBL89151
CHEMBL1859, O95180, Voltage-gated T-type calcium channel alpha-1H subunit, CC1=C(C(=O)OC(C)C)C(c2cccc(Cl)c2)N(CCCN(C)C(=O)c2ccc(Oc3ccccc3)cc2)C(=O)N1, 250.0, CHEMBL947231, CHEMBL257288
CHEMBL1859, O95180, Voltage-gated T-type calcium channel alpha-1H subunit, CC(C)OC(=O)CN(c1cccc(Cl)c1)S(=O)(=O)c1cccc(NC(=O)CCc2ccccc2)c1, 540.0, CHEMBL947231, CHEMBL402197
CHEMBL1859, O95180, Voltage-gated T-type calcium channel alpha-1H subunit, CC(C)OC(=O)CN(c1cccc(Cl)c1)S(=O)(=O)c1cccc(NC(=O)CCNC(=O)OCc2ccccc2)c1, 420.0, CHEMBL947231, CHEMBL272127
CHEMBL1859, O95180, Voltage-gated T-type calcium channel alpha-1H subunit, CC(C)OC(=O)CN(c1cccc(Cl)c1)S(=O)(=O)c1cccc(NC(=O)CN(C)C(=O)OCc2ccccc2)c1, 240.0, CHEMBL947231, CHEMBL272128
CHEMBL1859, O95180, Voltage-gated T-type calcium channel alpha-1H subunit, CN(CC(=O)Nc1cccc(S(=O)(=O)N(Cc2ccccc2)c2cccc(Cl)c2)c1)C(=O)OCc1ccccc1, 110.0, CHEMBL947231, CHEMBL403689
CHEMBL1859, O95180, Voltage-gated T-type calcium channel alpha-1H subunit, CC(C)NC(=O)CN(c1cccc(Cl)c1)S(=O)(=O)c1cccc(NC(=O)CN(C)C(=O)OCc2ccccc2)c1, 1700.0, CHEMBL947231, CHEMBL404329
CHEMBL1859, O95180, Voltage-gated T-type calcium channel alpha-1H subunit, CC(C)CCCN(c1cccc(Cl)c1)S(=O)(=O)c1cccc(NC(=O)CN(C)C(=O)OCc2ccccc2)c1, 180.0, CHEMBL947231, CHEMBL269980
CHEMBL1859, O95180, Voltage-gated T-type calcium channel alpha-1H subunit, COCC(=O)O[C@]1(CCN(C)CCCc2nc3ccccc3[nH]2)CCc2cc(F)ccc2[C@@H]1C(C)C, 130.0, CHEMBL947231, CHEMBL45816
CHEMBL1859, O95180, Voltage-gated T-type calcium channel alpha-1H subunit, CC1=C(C(=O)OC(C)C)C(c2cccc(Cl)c2)N(CCCN(C)C(=O)c2ccc(Oc3ccccc3)cc2)C(=O)N1, 650.0, CHEMBL947231, CHEMBL257288
CHEMBL1859, O95180, Voltage-gated T-type calcium channel alpha-1H subunit, CC1=C(C(=O)OC(C)C)C(c2cccc(Cl)c2)N(CCCN(C)C(=O)c2ccc(Oc3ccccc3)cc2)C(=O)N1, 180.0, CHEMBL947231, CHEMBL257288
CHEMBL1859, O95180, Voltage-gated T-type calcium channel alpha-1H subunit, CC[C@H](C)[C@H](NC(=O)N1CCC2(CC1)CN(C(C)C)C2c1ccc(Cl)cc1)C(=O)OC, 104.0, CHEMBL1212315, CHEMBL1210027
CHEMBL1859, O95180, Voltage-gated T-type calcium channel alpha-1H subunit, CC(C)N1CC2(CCN(C(=O)Nc3ccc(F)c(F)c3)CC2)C1c1ccc(Cl)cc1, 174.0, CHEMBL1212315, CHEMBL1210080
CHEMBL1859, O95180, Voltage-gated T-type calcium channel alpha-1H subunit, CC(C)N1CC2(CCN(C(=O)Nc3cc(F)cc(F)c3)CC2)C1c1ccc(Cl)cc1, 138.0, CHEMBL1212315, CHEMBL1210081
CHEMBL1859, O95180, Voltage-gated T-type calcium channel alpha-1H subunit, CC[C@H](C)[C@H](NC(=O)N1CCC2(CC1)CN(C(C)C)C2c1ccc(Cl)cc1)C(=O)OC, 115.0, CHEMBL1212315, CHEMBL1210027
CHEMBL1859, O95180, Voltage-gated T-type calcium channel alpha-1H subunit, CC[C@H](C)[C@H](NC(=O)N1CCC2(CC1)CN(C(C)C)C2c1ccc(Cl)cc1)C(=O)OC, 733.0, CHEMBL1212315, CHEMBL1210027
CHEMBL1859, O95180, Voltage-gated T-type calcium channel alpha-1H subunit, O=C1N(c2ccc(F)c(Cl)c2)C(c2ccccn2)C12CCN(c1nc3cc(F)c(C(F)(F)F)cc3[nH]1)CC2, 31.0, CHEMBL1212315, CHEMBL1210902
CHEMBL1859, O95180, Voltage-gated T-type calcium channel alpha-1H subunit, O=C1N(c2ccc(F)c(Cl)c2)C(c2ccccn2)C12CCN(c1nc3cc(F)c(C(F)(F)F)cc3[nH]1)CC2, 29.0, CHEMBL1212315, CHEMBL1210902
CHEMBL1859, O95180, Voltage-gated T-type calcium channel alpha-1H subunit, O=C1N(c2ccc(F)c(Cl)c2)C(c2ccccn2)C12CCN(c1nc3cc(F)c(Cl)cc3[nH]1)CC2, 60.0, CHEMBL1212315, CHEMBL1210901
CHEMBL1859, O95180, Voltage-gated T-type calcium channel alpha-1H subunit, O=C1N(c2ccc(F)c(Cl)c2)C(c2ccccn2)C12CCN(c1nc3ccc(Cl)cc3[nH]1)CC2, 78.0, CHEMBL1212315, CHEMBL1210900
CHEMBL1859, O95180, Voltage-gated T-type calcium channel alpha-1H subunit, O=C1N(c2cccc(Cl)c2)C(c2ccccn2)C12CCN(c1nc3cc(F)c(C(F)(F)F)cc3[nH]1)CC2, 44.0, CHEMBL1212315, CHEMBL1210899
CHEMBL1859, O95180, Voltage-gated T-type calcium channel alpha-1H subunit, O=C(Nc1cc(F)cc(F)c1)N1CCC2(CC1)C(=O)N(c1cncc(Cl)c1)C2c1ccccn1, 519.0, CHEMBL1212315, CHEMBL1210835
CHEMBL1859, O95180, Voltage-gated T-type calcium channel alpha-1H subunit, N#Cc1cccc(N2C(=O)C3(CCN(C(=O)Nc4cc(F)cc(F)c4)CC3)C2c2ccccn2)c1, 732.0, CHEMBL1212315, CHEMBL1209968
CHEMBL1859, O95180, Voltage-gated T-type calcium channel alpha-1H subunit, N#Cc1cccc(N2C(=O)C3(CCN(C(=O)Nc4cc(F)cc(F)c4)CC3)C2c2ccccn2)c1, 247.0, CHEMBL1212315, CHEMBL1209968
CHEMBL1859, O95180, Voltage-gated T-type calcium channel alpha-1H subunit, O=C(Nc1ccc(F)c(F)c1)N1CCC2(CC1)C(=O)N(c1cccc(Cl)c1)C2c1cccc[n+]1[O-], 1498.0, CHEMBL1212315, CHEMBL1210767
CHEMBL1859, O95180, Voltage-gated T-type calcium channel alpha-1H subunit, O=C(Nc1ccc(F)c(F)c1)N1CCC2(CC1)C(=O)N(c1cccc(Cl)c1)C2c1cccc[n+]1[O-], 698.0, CHEMBL1212315, CHEMBL1210767
CHEMBL1859, O95180, Voltage-gated T-type calcium channel alpha-1H subunit, CC[C@H](C)[C@H](NC(=O)N1CCC2(CC1)CN(C(C)C)C2c1ccc(Cl)cc1)C(=O)OC, 123.0, CHEMBL1212332, CHEMBL1210027
CHEMBL1859, O95180, Voltage-gated T-type calcium channel alpha-1H subunit, CC(C)N1CC2(CCN(C(=O)Nc3ccc(F)c(F)c3)CC2)C1c1ccc(Cl)cc1, 340.0, CHEMBL1212332, CHEMBL1210080
CHEMBL1859, O95180, Voltage-gated T-type calcium channel alpha-1H subunit, CC(C)N1CC2(CCN(C(=O)Nc3cc(F)cc(F)c3)CC2)C1c1ccc(Cl)cc1, 328.0, CHEMBL1212332, CHEMBL1210081
CHEMBL1859, O95180, Voltage-gated T-type calcium channel alpha-1H subunit, CC[C@H](C)[C@H](NC(=O)N1CCC2(CC1)CN(C(C)C)C2c1ccc(Cl)cc1)C(=O)OC, 124.0, CHEMBL1212332, CHEMBL1210027
CHEMBL1859, O95180, Voltage-gated T-type calcium channel alpha-1H subunit, CC[C@H](C)[C@H](NC(=O)N1CCC2(CC1)CN(C(C)C)C2c1ccc(Cl)cc1)C(=O)OC, 3197.0, CHEMBL1212332, CHEMBL1210027
CHEMBL1859, O95180, Voltage-gated T-type calcium channel alpha-1H subunit, O=C1N(c2cccc(Cl)c2)C(c2ccccn2)C12CCN(c1nc3cc(F)c(C(F)(F)F)cc3[nH]1)CC2, 63.0, CHEMBL1212332, CHEMBL1210899
CHEMBL1859, O95180, Voltage-gated T-type calcium channel alpha-1H subunit, O=C1N(c2ccc(F)c(Cl)c2)C(c2ccccn2)C12CCN(c1nc3ccc(Cl)cc3[nH]1)CC2, 71.0, CHEMBL1212332, CHEMBL1210900
CHEMBL1859, O95180, Voltage-gated T-type calcium channel alpha-1H subunit, O=C1N(c2ccc(F)c(Cl)c2)C(c2ccccn2)C12CCN(c1nc3cc(F)c(Cl)cc3[nH]1)CC2, 84.0, CHEMBL1212332, CHEMBL1210901
CHEMBL1859, O95180, Voltage-gated T-type calcium channel alpha-1H subunit, O=C1N(c2ccc(F)c(Cl)c2)C(c2ccccn2)C12CCN(c1nc3cc(F)c(C(F)(F)F)cc3[nH]1)CC2, 106.0, CHEMBL1212332, CHEMBL1210902
CHEMBL1859, O95180, Voltage-gated T-type calcium channel alpha-1H subunit, CC[C@H](C)[C@H](NC(=O)N1CCC2(CC1)CN(C)C2c1ccc(Cl)cc1)C(=O)OC, 410.0, CHEMBL1212315, CHEMBL1210136
CHEMBL1859, O95180, Voltage-gated T-type calcium channel alpha-1H subunit, CN1CC2(CCN(C(=O)Nc3cc(F)cc(F)c3)CC2)C1c1ccc(Cl)cc1, 214.0, CHEMBL1212315, CHEMBL1210137
CHEMBL1859, O95180, Voltage-gated T-type calcium channel alpha-1H subunit, CC[C@H](C)[C@H](NC(=O)N1CCC2(CC1)C(=O)N(C)C2c1ccc(Cl)cc1)C(=O)OC, 800.0, CHEMBL1212315, CHEMBL1210138
CHEMBL1859, O95180, Voltage-gated T-type calcium channel alpha-1H subunit, CN1C(=O)C2(CCN(C(=O)Nc3cc(F)cc(F)c3)CC2)C1c1ccc(Cl)cc1, 920.0, CHEMBL1212315, CHEMBL1210139
CHEMBL1859, O95180, Voltage-gated T-type calcium channel alpha-1H subunit, CC(C)CN1CC2(CCN(C(=O)Nc3cc(F)cc(F)c3)CC2)C1c1ccc(Cl)cc1, 177.0, CHEMBL1212315, CHEMBL1210140
CHEMBL1859, O95180, Voltage-gated T-type calcium channel alpha-1H subunit, CC[C@H](C)[C@H](NC(=O)N1CCC2(CC1)CN(C(C)C)C2c1ccc(F)cc1)C(=O)OC, 256.0, CHEMBL1212315, CHEMBL1210202
CHEMBL1859, O95180, Voltage-gated T-type calcium channel alpha-1H subunit, CC(C)N1CC2(CCN(C(=O)Nc3cc(F)cc(F)c3)CC2)C1c1ccc(F)cc1, 172.0, CHEMBL1212315, CHEMBL1210203
CHEMBL1859, O95180, Voltage-gated T-type calcium channel alpha-1H subunit, CN1CC2(CCN(C(=O)Nc3cc(F)cc(F)c3)CC2)C1c1ccc(F)cc1, 410.0, CHEMBL1212315, CHEMBL1210204
CHEMBL1859, O95180, Voltage-gated T-type calcium channel alpha-1H subunit, CC[C@H](C)[C@H](NC(=O)N1CCC2(CC1)CN(C1CC1)C2c1ccc(Cl)cc1)C(=O)OC, 325.0, CHEMBL1212315, CHEMBL1210984
CHEMBL1859, O95180, Voltage-gated T-type calcium channel alpha-1H subunit, O=C(Nc1cc(F)cc(F)c1)N1CCC2(CC1)CN(C1CC1)C2c1ccc(Cl)cc1, 398.0, CHEMBL1212315, CHEMBL1210205
CHEMBL1859, O95180, Voltage-gated T-type calcium channel alpha-1H subunit, O=C(Nc1cc(F)cc(F)c1)N1CCC2(CC1)C(=O)N(C1CC1)C2c1ccc(Cl)cc1, 2258.0, CHEMBL1212315, CHEMBL1210265
CHEMBL1859, O95180, Voltage-gated T-type calcium channel alpha-1H subunit, CC[C@H](C)[C@H](NC(=O)N1CCC2(CC1)CN(c1cccc(F)c1)C2c1ccc(Cl)cc1)C(=O)OC, 146.0, CHEMBL1212315, CHEMBL1210266
CHEMBL1859, O95180, Voltage-gated T-type calcium channel alpha-1H subunit, CC[C@H](C)[C@H](NC(=O)N1CCC2(CC1)CN(c1cccc(F)c1)C2c1ccc(Cl)cc1)C(=O)OC, 3200.0, CHEMBL1212315, CHEMBL1210266
CHEMBL1859, O95180, Voltage-gated T-type calcium channel alpha-1H subunit, CC[C@H](C)[C@H](NC(=O)N1CCC2(CC1)C(=O)N(c1cccc(F)c1)C2c1ccc(Cl)cc1)C(=O)OC, 45.0, CHEMBL1212315, CHEMBL1210267
CHEMBL1859, O95180, Voltage-gated T-type calcium channel alpha-1H subunit, CC[C@H](C)[C@H](NC(=O)N1CCC2(CC1)C(=O)N(c1cccc(F)c1)C2c1ccc(Cl)cc1)C(=O)OC, 872.0, CHEMBL1212315, CHEMBL1210267
CHEMBL1859, O95180, Voltage-gated T-type calcium channel alpha-1H subunit, CC[C@H](C)[C@H](NC(=O)N1CCC2(CC1)C(=O)N(c1cccc(F)c1)C2c1ccc(Cl)cc1)C(=O)OC#N, 35.0, CHEMBL1212315, CHEMBL1210983
CHEMBL1859, O95180, Voltage-gated T-type calcium channel alpha-1H subunit, CC[C@H](C)[C@H](NC(=O)N1CCC2(CC1)C(=O)N(c1cccc(F)c1)C2c1ccc(Cl)cc1)C(=O)OC(C)C, 45.0, CHEMBL1212315, CHEMBL1210370
CHEMBL1859, O95180, Voltage-gated T-type calcium channel alpha-1H subunit, CC[C@H](C)[C@H](NC(=O)N1CCC2(CC1)C(=O)N(c1cccc(F)c1)C2c1ccc(Cl)cc1)C(=O)NC, 182.0, CHEMBL1212315, CHEMBL1210371
CHEMBL1859, O95180, Voltage-gated T-type calcium channel alpha-1H subunit, COC(=O)[C@H](COC(C)(C)C)NC(=O)N1CCC2(CC1)C(=O)N(c1cccc(F)c1)C2c1ccc(Cl)cc1, 251.0, CHEMBL1212315, CHEMBL1210372
CHEMBL1859, O95180, Voltage-gated T-type calcium channel alpha-1H subunit, COC(=O)[C@H](C)NC(=O)N1CCC2(CC1)C(=O)N(c1cccc(F)c1)C2c1ccc(Cl)cc1, 827.0, CHEMBL1212315, CHEMBL1210985
CHEMBL1859, O95180, Voltage-gated T-type calcium channel alpha-1H subunit, COC(=O)[C@H](CO)NC(=O)N1CCC2(CC1)C(=O)N(c1cccc(F)c1)C2c1ccc(Cl)cc1, 3333.0, CHEMBL1212315, CHEMBL1210441
CHEMBL1859, O95180, Voltage-gated T-type calcium channel alpha-1H subunit, C[C@H](NC(=O)N1CCC2(CC1)C(=O)N(c1cccc(F)c1)C2c1ccc(Cl)cc1)c1ccccc1, 139.0, CHEMBL1212315, CHEMBL1209965
CHEMBL1859, O95180, Voltage-gated T-type calcium channel alpha-1H subunit, C[C@@H](NC(=O)N1CCC2(CC1)C(=O)N(c1cccc(F)c1)C2c1ccc(Cl)cc1)c1ccccc1, 351.0, CHEMBL1212315, CHEMBL1209966
CHEMBL1859, O95180, Voltage-gated T-type calcium channel alpha-1H subunit, C[C@H](NC(=O)N1CCC2(CC1)C(=O)N(c1cccc(F)c1)C2c1ccc(Cl)cc1)c1ccc(F)cc1, 82.0, CHEMBL1212315, CHEMBL1210442
CHEMBL1859, O95180, Voltage-gated T-type calcium channel alpha-1H subunit, CC[C@H](NC(=O)N1CCC2(CC1)C(=O)N(c1cccc(F)c1)C2c1ccc(Cl)cc1)c1ccccc1, 224.0, CHEMBL1212315, CHEMBL1209967
CHEMBL1859, O95180, Voltage-gated T-type calcium channel alpha-1H subunit, CCC(C)NC(=O)N1CCC2(CC1)C(=O)N(c1cccc(F)c1)C2c1ccc(Cl)cc1, 1251.0, CHEMBL1212315, CHEMBL1210443
CHEMBL1859, O95180, Voltage-gated T-type calcium channel alpha-1H subunit, O=C(Nc1cc(F)cc(F)c1)N1CCC2(CC1)CN(c1cccc(F)c1)C2c1ccc(Cl)cc1, 3503.0, CHEMBL1212315, CHEMBL1210444
CHEMBL1859, O95180, Voltage-gated T-type calcium channel alpha-1H subunit, O=C(Nc1cc(F)cc(F)c1)N1CCC2(CC1)CN(c1cccc(F)c1)C2c1ccc(Cl)cc1, 3200.0, CHEMBL1212315, CHEMBL1210444
CHEMBL1859, O95180, Voltage-gated T-type calcium channel alpha-1H subunit, O=C(Nc1cc(F)cc(F)c1)N1CCC2(CC1)C(=O)N(c1cccc(F)c1)C2c1ccc(Cl)cc1, 586.0, CHEMBL1212315, CHEMBL1210505
CHEMBL1859, O95180, Voltage-gated T-type calcium channel alpha-1H subunit, O=C(Nc1cc(F)cc(F)c1)N1CCC2(CC1)C(=O)N(c1cccc(F)c1)C2c1ccc(Cl)cc1, 390.0, CHEMBL1212315, CHEMBL1210505
CHEMBL1859, O95180, Voltage-gated T-type calcium channel alpha-1H subunit, N#Cc1cccc(NC(=O)N2CCC3(CC2)C(=O)N(c2cccc(F)c2)C3c2ccc(Cl)cc2)c1, 183.0, CHEMBL1212315, CHEMBL1210506
CHEMBL1859, O95180, Voltage-gated T-type calcium channel alpha-1H subunit, N#Cc1cccc(NC(=O)N2CCC3(CC2)C(=O)N(c2cccc(F)c2)C3c2ccc(Cl)cc2)c1, 1060.0, CHEMBL1212315, CHEMBL1210506
CHEMBL1859, O95180, Voltage-gated T-type calcium channel alpha-1H subunit, O=C(Nc1cc(F)cc(F)c1)N1CCC2(CC1)CN(c1ccc(F)c(Cl)c1)C2c1ccccn1, 60.0, CHEMBL1212315, CHEMBL1210564
CHEMBL1859, O95180, Voltage-gated T-type calcium channel alpha-1H subunit, O=C(Nc1cc(F)cc(F)c1)N1CCC2(CC1)CN(c1ccc(F)c(Cl)c1)C2c1ccccn1, 291.0, CHEMBL1212315, CHEMBL1210564
CHEMBL1859, O95180, Voltage-gated T-type calcium channel alpha-1H subunit, O=C(Nc1cc(F)cc(F)c1)N1CCC2(CC1)C(=O)N(c1ccc(F)c(Cl)c1)C2c1ccccn1, 4.0, CHEMBL1212315, CHEMBL1210565
CHEMBL1859, O95180, Voltage-gated T-type calcium channel alpha-1H subunit, O=C(Nc1cc(F)cc(F)c1)N1CCC2(CC1)C(=O)N(c1ccc(F)c(Cl)c1)C2c1ccccn1, 176.0, CHEMBL1212315, CHEMBL1210565
CHEMBL1859, O95180, Voltage-gated T-type calcium channel alpha-1H subunit, O=C(Nc1ccc(F)c(F)c1)N1CCC2(CC1)C(=O)N(c1ccc(F)c(Cl)c1)C2c1ccccn1, 41.0, CHEMBL1212315, CHEMBL1210628
CHEMBL1859, O95180, Voltage-gated T-type calcium channel alpha-1H subunit, O=C(Nc1ccc(F)c(F)c1)N1CCC2(CC1)C(=O)N(c1ccc(F)c(Cl)c1)C2c1ccccn1, 402.0, CHEMBL1212315, CHEMBL1210628
CHEMBL1859, O95180, Voltage-gated T-type calcium channel alpha-1H subunit, O=C(Nc1cccc(C(F)(F)F)c1)N1CCC2(CC1)C(=O)N(c1ccc(F)c(F)c1)C2c1ccccn1, 17.0, CHEMBL1212315, CHEMBL1210629
CHEMBL1859, O95180, Voltage-gated T-type calcium channel alpha-1H subunit, O=C(Nc1cccc(C(F)(F)F)c1)N1CCC2(CC1)C(=O)N(c1ccc(F)c(F)c1)C2c1ccccn1, 176.0, CHEMBL1212315, CHEMBL1210629
CHEMBL1859, O95180, Voltage-gated T-type calcium channel alpha-1H subunit, O=C(Nc1ccc(F)c(F)c1)N1CCC2(CC1)C(=O)N(c1cccc(Cl)c1)C2c1ccccn1, 116.0, CHEMBL1212315, CHEMBL1210692
CHEMBL1859, O95180, Voltage-gated T-type calcium channel alpha-1H subunit, O=C(Nc1ccc(F)c(F)c1)N1CCC2(CC1)C(=O)N(c1cccc(Cl)c1)C2c1ccccn1, 652.0, CHEMBL1212315, CHEMBL1210692
CHEMBL1859, O95180, Voltage-gated T-type calcium channel alpha-1H subunit, N#Cc1cccc(NC(=O)N2CCC3(CC2)C(=O)N(c2cccc(Cl)c2)C3c2ccccn2)c1, 57.0, CHEMBL1212315, CHEMBL1210693
CHEMBL1859, O95180, Voltage-gated T-type calcium channel alpha-1H subunit, N#Cc1cccc(NC(=O)N2CCC3(CC2)C(=O)N(c2cccc(Cl)c2)C3c2ccccn2)c1, 855.0, CHEMBL1212315, CHEMBL1210693
CHEMBL1859, O95180, Voltage-gated T-type calcium channel alpha-1H subunit, O=C(Nc1cc(F)cc(F)c1)N1CCC2(CC1)C(=O)N(c1cccc(Cl)c1)C2c1ccccn1, 18.0, CHEMBL1212315, CHEMBL1210766
CHEMBL1859, O95180, Voltage-gated T-type calcium channel alpha-1H subunit, O=C(Nc1cc(F)cc(F)c1)N1CCC2(CC1)C(=O)N(c1cccc(Cl)c1)C2c1ccccn1, 200.0, CHEMBL1212315, CHEMBL1210766
CHEMBL1859, O95180, Voltage-gated T-type calcium channel alpha-1H subunit, N#Cc1cccc(N2C(=O)C3(CCN(C(=O)Nc4cc(F)cc(F)c4)CC3)C2c2ccccn2)c1, 2377.0, CHEMBL1212315, CHEMBL1209968
CHEMBL1859, O95180, Voltage-gated T-type calcium channel alpha-1H subunit, CC(C)N1CC2(CCN(C(=O)Nc3cc(F)cc(F)c3)CC2)C1c1ccc(F)cc1, 995.0, CHEMBL1212332, CHEMBL1210203
CHEMBL1859, O95180, Voltage-gated T-type calcium channel alpha-1H subunit, CC[C@H](C)[C@H](NC(=O)N1CCC2(CC1)CN(C1CC1)C2c1ccc(Cl)cc1)C(=O)OC, 713.0, CHEMBL1212332, CHEMBL1210984
CHEMBL1859, O95180, Voltage-gated T-type calcium channel alpha-1H subunit, CC[C@H](C)[C@H](NC(=O)N1CCC2(CC1)C(=O)N(c1cccc(F)c1)C2c1ccc(Cl)cc1)C(=O)OC, 109.0, CHEMBL1212332, CHEMBL1210267
CHEMBL1859, O95180, Voltage-gated T-type calcium channel alpha-1H subunit, N#Cc1cccc(N2C(=O)C3(CCN(C(=O)Nc4cc(F)cc(F)c4)CC3)C2c2ccccn2)c1, 19300.0, CHEMBL1212332, CHEMBL1209968
CHEMBL1859, O95180, Voltage-gated T-type calcium channel alpha-1H subunit, O=C(Nc1cc(F)cc(F)c1)N1CCC2(CC1)CN(c1ccc(F)c(Cl)c1)C2c1ccccn1, 41.0, CHEMBL1212332, CHEMBL1210564
CHEMBL1859, O95180, Voltage-gated T-type calcium channel alpha-1H subunit, O=C(Nc1cccc(C(F)(F)F)c1)N1CCC2(CC1)C(=O)N(c1ccc(F)c(F)c1)C2c1ccccn1, 283.0, CHEMBL1212332, CHEMBL1210629
CHEMBL1859, O95180, Voltage-gated T-type calcium channel alpha-1H subunit, O=C(Nc1cc(F)cc(F)c1)N1CCC2(CC1)C(=O)N(c1ccc(F)c(Cl)c1)C2c1ccccn1, 42.0, CHEMBL1212332, CHEMBL1210565
CHEMBL1859, O95180, Voltage-gated T-type calcium channel alpha-1H subunit, O=C(Nc1ccc(F)c(F)c1)N1CCC2(CC1)C(=O)N(c1cccc(Cl)c1)C2c1ccccn1, 118.0, CHEMBL1212332, CHEMBL1210692
CHEMBL1859, O95180, Voltage-gated T-type calcium channel alpha-1H subunit, O=C(Nc1cc(F)cc(F)c1)N1CCC2(CC1)C(=O)N(c1cccc(Cl)c1)C2c1ccccn1, 3490.0, CHEMBL1212332, CHEMBL1210766
CHEMBL1859, O95180, Voltage-gated T-type calcium channel alpha-1H subunit, O=C(Nc1ccc(F)c(F)c1)N1CCC2(CC1)C(=O)N(c1ccc(F)c(Cl)c1)C2c1ccccn1, 17700.0, CHEMBL1212332, CHEMBL1210628
CHEMBL1859, O95180, Voltage-gated T-type calcium channel alpha-1H subunit, CC[C@H](C)[C@H](NC(=O)N1CCC2(CC1)C(=O)N(c1cccc(F)c1)C2c1ccc(Cl)cc1)C(=O)OC#N, 17000.0, CHEMBL1212332, CHEMBL1210983
CHEMBL1859, O95180, Voltage-gated T-type calcium channel alpha-1H subunit, COCC(=O)O[C@]1(CCN(C)CCCc2nc3ccccc3[nH]2)CCc2cc(F)ccc2[C@@H]1C(C)C, 1000.0, CHEMBL1219198, CHEMBL45816
CHEMBL1859, O95180, Voltage-gated T-type calcium channel alpha-1H subunit, COCC(=O)O[C@]1(CCN(C)CCCc2nc3ccccc3[nH]2)CCc2cc(F)ccc2[C@@H]1C(C)C, 32.0, CHEMBL1273187, CHEMBL45816
CHEMBL1859, O95180, Voltage-gated T-type calcium channel alpha-1H subunit, C[C@@H](NC(=O)Cc1ccc(C2CC2)cc1)c1ccc(OCC(F)(F)F)cn1, 92.0, CHEMBL1686289, CHEMBL1684954
CHEMBL1859, O95180, Voltage-gated T-type calcium channel alpha-1H subunit, CC(C)(C)CCN1C[C@H]2[C@H](CNC(=O)c3cc(Cl)cc(Cl)c3)[C@H]2C1, 36.0, CHEMBL1738100, CHEMBL1732375
CHEMBL1859, O95180, Voltage-gated T-type calcium channel alpha-1H subunit, COCC(=O)O[C@]1(CCN(C)CCCc2nc3ccccc3[nH]2)CCc2cc(F)ccc2[C@@H]1C(C)C, 1000.0, CHEMBL2344013, CHEMBL45816
CHEMBL1859, O95180, Voltage-gated T-type calcium channel alpha-1H subunit, CC(C)(C)NC(=O)NCCN1CCC(CO)(CNC(=O)c2cc(Cl)cc(Cl)c2)CC1, 1200.0, CHEMBL2344016, CHEMBL2337981
CHEMBL1859, O95180, Voltage-gated T-type calcium channel alpha-1H subunit, CC(C)(C)NC(=O)NCCN1CCC(CO)(CNC(=O)c2cc(Cl)cc(Cl)c2)CC1, 600.0, CHEMBL2344013, CHEMBL2337981
CHEMBL1859, O95180, Voltage-gated T-type calcium channel alpha-1H subunit, CC(C)(C)NC(=O)NCCN1CCC(O)(CNC(=O)c2cc(Cl)cc(Cl)c2)CC1, 600.0, CHEMBL2344013, CHEMBL2337980
CHEMBL1859, O95180, Voltage-gated T-type calcium channel alpha-1H subunit, CC(C)(C)NC(=O)NCCN1CCCC(NC(=O)c2cc(Cl)cc(Cl)c2)C1, 500.0, CHEMBL2344013, CHEMBL2337979
CHEMBL1859, O95180, Voltage-gated T-type calcium channel alpha-1H subunit, CC(C)(C)NC(=O)NCCN1CCC(NC(=O)c2cc(Cl)cc(Cl)c2)C1, 800.0, CHEMBL2344013, CHEMBL2337978
CHEMBL1859, O95180, Voltage-gated T-type calcium channel alpha-1H subunit, CC(C)(C)NC(=O)NCCN1CC(NC(=O)c2cc(Cl)cc(Cl)c2)C1, 800.0, CHEMBL2344013, CHEMBL2337977
CHEMBL1859, O95180, Voltage-gated T-type calcium channel alpha-1H subunit, CC(C)(C)NC(=O)NCCN1CCC(CNC(=O)c2cc(Cl)cc(Cl)c2)C1, 400.0, CHEMBL2344013, CHEMBL2338409
CHEMBL1859, O95180, Voltage-gated T-type calcium channel alpha-1H subunit, CC(C)(C)NC(=O)NCCN1CCOC(CNC(=O)c2cc(Cl)cc(Cl)c2)C1, 3300.0, CHEMBL2344013, CHEMBL2338408
CHEMBL1859, O95180, Voltage-gated T-type calcium channel alpha-1H subunit, CC(C)(C)NC(=O)NCCN1CCCC(CNC(=O)c2cc(Cl)cc(Cl)c2)C1, 500.0, CHEMBL2344013, CHEMBL2338407
CHEMBL1859, O95180, Voltage-gated T-type calcium channel alpha-1H subunit, CC(C)(C)NC(=O)NCCN1CCC(CNC(=O)c2cc(Cl)cc(Cl)c2)CC1, 500.0, CHEMBL2344013, CHEMBL2338406
CHEMBL1859, O95180, Voltage-gated T-type calcium channel alpha-1H subunit, CC(C)(C)NC(=O)NCCN1CCN(CC(=O)Nc2cc(Cl)cc(Cl)c2)CC1, 300.0, CHEMBL2344013, CHEMBL2338405
CHEMBL1859, O95180, Voltage-gated T-type calcium channel alpha-1H subunit, CC(C)(C)CS(=O)(=O)NCCN1CCN(CC(=O)NC23CC4CC(CC(C4)C2)C3)CC1, 900.0, CHEMBL2344013, CHEMBL2338404
CHEMBL1859, O95180, Voltage-gated T-type calcium channel alpha-1H subunit, CC(C)(C)S(=O)(=O)CCCN1CCN(CC(=O)NC23CC4CC(CC(C4)C2)C3)CC1, 2400.0, CHEMBL2344013, CHEMBL2338403
CHEMBL1859, O95180, Voltage-gated T-type calcium channel alpha-1H subunit, CC(C)(C)NC(=O)NCCCN1CCN(CC(=O)NC23CC4CC(CC(C4)C2)C3)CC1, 1200.0, CHEMBL2344013, CHEMBL2338402
CHEMBL1859, O95180, Voltage-gated T-type calcium channel alpha-1H subunit, CC(C)(C)OC(=O)NCCN1CCN(CC(=O)NC23CC4CC(CC(C4)C2)C3)CC1, 1200.0, CHEMBL2344013, CHEMBL2338401
CHEMBL1859, O95180, Voltage-gated T-type calcium channel alpha-1H subunit, CC(C)(C)NC(=O)NCCN1CCN(CC(=O)NC23CC4CC(CC(C4)C2)C3)CC1, 500.0, CHEMBL2344013, CHEMBL2338400
CHEMBL1859, O95180, Voltage-gated T-type calcium channel alpha-1H subunit, CC(C)(C)C(=O)NCCCN1CCN(CC(=O)NC23CC4CC(CC(C4)C2)C3)CC1, 1300.0, CHEMBL2344013, CHEMBL2338399
CHEMBL1859, O95180, Voltage-gated T-type calcium channel alpha-1H subunit, CC(C)(C)C(=O)NCCN1CCN(CC(=O)NC23CC4CC(CC(C4)C2)C3)CC1, 3000.0, CHEMBL2344013, CHEMBL2338398
CHEMBL1859, O95180, Voltage-gated T-type calcium channel alpha-1H subunit, CC(C)(C)NC(=O)CN1CCN(CC(=O)NC23CC4CC(CC(C4)C2)C3)CC1, 1000.0, CHEMBL2344013, CHEMBL2337984
CHEMBL1859, O95180, Voltage-gated T-type calcium channel alpha-1H subunit, CC(C)(C)NCCN1CCN(CC(=O)NC23CC4CC(CC(C4)C2)C3)CC1, 4900.0, CHEMBL2344013, CHEMBL2337983
CHEMBL1859, O95180, Voltage-gated T-type calcium channel alpha-1H subunit, COc1ccc2ncc(=O)n(CCN3CCC(NCc4ccc5c(n4)NC(=O)CO5)CC3)c2c1, 333000.0, CHEMBL3363800, CHEMBL2165063
CHEMBL1859, O95180, Voltage-gated T-type calcium channel alpha-1H subunit, N[C@@H](Cn1c(=O)cnc2ccc(F)cc21)[C@H]1CC[C@H](NCc2ncc3c(n2)NC(=O)CO3)CC1, 100000.0, CHEMBL3363800, CHEMBL3355573
CHEMBL1859, O95180, Voltage-gated T-type calcium channel alpha-1H subunit, COc1cnc2ccc(=O)n(C[C@H](N)[C@H]3CC[C@H](NCc4ccc5c(n4)NC(=O)CO5)CC3)c2c1, 333000.0, CHEMBL3363800, CHEMBL3355575
CHEMBL1859, O95180, Voltage-gated T-type calcium channel alpha-1H subunit, CC1CC(C)CN(C(=O)c2cccc(S(=O)(=O)N3c4ccccc4CC3C)c2)C1, 3000.0, CHEMBL3592671, CHEMBL1486348
CHEMBL1859, O95180, Voltage-gated T-type calcium channel alpha-1H subunit, CC1Cc2ccccc2N1S(=O)(=O)c1cccc(C(=O)NCC2CCCCC2)c1, 5000.0, CHEMBL3592671, CHEMBL3589094
CHEMBL1859, O95180, Voltage-gated T-type calcium channel alpha-1H subunit, O=C(c1cccc(S(=O)(=O)Nc2ccccc2F)c1)N1CCN2CCC[C@@H]2C1, 10600.0, CHEMBL3592671, CHEMBL3589546
CHEMBL1859, O95180, Voltage-gated T-type calcium channel alpha-1H subunit, O=C(c1cc(S(=O)(=O)Nc2ccccc2F)c(Cl)cc1Cl)N1CCN2CCC[C@@H]2C1, 19000.0, CHEMBL3592671, CHEMBL3589554
CHEMBL1859, O95180, Voltage-gated T-type calcium channel alpha-1H subunit, Cl.O=C(c1cc(S(=O)(=O)Nc2ccccc2F)c(F)cc1Cl)N1CCN2CCC[C@@H]2C1, 2300.0, CHEMBL3592671, CHEMBL3589557
CHEMBL1859, O95180, Voltage-gated T-type calcium channel alpha-1H subunit, CC(C)C(=O)O[C@]1(CCN(C)CCCc2nc3ccccc3[nH]2)C[C@@H]2CC[C@H]1c1nccnc12, 2065.0, CHEMBL3611366, CHEMBL3609821
CHEMBL1859, O95180, Voltage-gated T-type calcium channel alpha-1H subunit, CO[C@]1(CCN(C)CCCc2nc3ccccc3[nH]2)C[C@@H]2CC[C@H]1c1ccccc12, 224.0, CHEMBL3611366, CHEMBL3609820
CHEMBL1859, O95180, Voltage-gated T-type calcium channel alpha-1H subunit, COc1cccc2nc(CCCN(C)CC[C@]3(OC(=O)C(C)C)C[C@H]4CCC[C@@H]3c3ccccc34)[nH]c12, 84.0, CHEMBL3611366, CHEMBL3609819
CHEMBL1859, O95180, Voltage-gated T-type calcium channel alpha-1H subunit, CC(C)C(=O)O[C@]1(CCN(C)CCCc2nc3ccccc3[nH]2)C[C@@H]2CCC[C@H]1c1ccccc12, 225.0, CHEMBL3611366, CHEMBL3608947
CHEMBL1859, O95180, Voltage-gated T-type calcium channel alpha-1H subunit, CC(C)C(=O)O[C@@]1(CCN(C)CCCc2nc3ccccc3[nH]2)C[C@H]2CCC[C@@H]1c1ccccc12, 184.0, CHEMBL3611366, CHEMBL3609818
CHEMBL1859, O95180, Voltage-gated T-type calcium channel alpha-1H subunit, CC(C)C(=O)O[C@]1(CCN(C)CCCc2nc3ccccc3[nH]2)C[C@@H]2CC[C@H]1c1ccccc12, 350.0, CHEMBL3611366, CHEMBL3608945
CHEMBL1859, O95180, Voltage-gated T-type calcium channel alpha-1H subunit, CC(C)C(=O)O[C@@]1(CCN(C)CCCc2nc3ccccc3[nH]2)C[C@H]2CC[C@@H]1c1ccccc12, 398.0, CHEMBL3611366, CHEMBL3609817
CHEMBL1859, O95180, Voltage-gated T-type calcium channel alpha-1H subunit, CC(C)C(=O)O[C@]1(CCN(C)CCCc2nc3ccccc3[nH]2)C[C@@H]2CCC[C@H]1c1ccccc12, 217.0, CHEMBL3611366, CHEMBL3608947
CHEMBL1859, O95180, Voltage-gated T-type calcium channel alpha-1H subunit, CN(CCCc1nc2ccccc2[nH]1)CC[C@@]1(OC(=O)C2CC2)C[C@@H]2CC[C@H]1c1ccccc12, 210.0, CHEMBL3611366, CHEMBL3608946
CHEMBL1859, O95180, Voltage-gated T-type calcium channel alpha-1H subunit, CC(C)C(=O)O[C@]1(CCN(C)CCCc2nc3ccccc3[nH]2)C[C@@H]2CC[C@H]1c1ccccc12, 432.0, CHEMBL3611366, CHEMBL3608945
CHEMBL1859, O95180, Voltage-gated T-type calcium channel alpha-1H subunit, COCC(=O)O[C@]1(CCN(C)CCCc2nc3ccccc3[nH]2)C[C@@H]2CC[C@H]1c1ccccc12, 361.0, CHEMBL3611366, CHEMBL3608944
CHEMBL1859, O95180, Voltage-gated T-type calcium channel alpha-1H subunit, CC(C)C(=O)O[C@]1(CCN(C)CCCc2nc3ccccc3[nH]2)C[C@H](O)c2cc(F)ccc2[C@@H]1C(C)C, 76.0, CHEMBL3611366, CHEMBL3608943
CHEMBL1859, O95180, Voltage-gated T-type calcium channel alpha-1H subunit, CC(C)C(=O)O[C@]1(CCN(C)CCCc2nc3ccccc3[nH]2)C[C@@H](O)c2cc(F)ccc2[C@@H]1C(C)C, 107.0, CHEMBL3611366, CHEMBL3608942
CHEMBL1859, O95180, Voltage-gated T-type calcium channel alpha-1H subunit, CC(C)C(=O)O[C@]1(CCN(C)CCCc2nc3ccccc3[nH]2)C[C@H](OCc2ccccc2)c2cc(F)ccc2[C@@H]1C(C)C, 113.0, CHEMBL3611366, CHEMBL3608316
CHEMBL1859, O95180, Voltage-gated T-type calcium channel alpha-1H subunit, CC(C)C(=O)O[C@]1(CCN(C)CCCc2nc3ccccc3[nH]2)C[C@@H](OCc2ccccc2)c2cc(F)ccc2[C@@H]1C(C)C, 132.0, CHEMBL3611366, CHEMBL3608941
CHEMBL202, P00374, Dihydrofolate reductase, CCc1cc(Cc2cnc(N)nc2N)cc(CC)c1O, 120.0, CHEMBL879983, CHEMBL25817
CHEMBL202, P00374, Dihydrofolate reductase, CC(C)(C)c1cc(Cc2cnc(N)nc2N)cc(C(C)(C)C)c1O, 61.0, CHEMBL879983, CHEMBL277176
CHEMBL202, P00374, Dihydrofolate reductase, CCCc1cc(Cc2cnc(N)nc2N)cc(CC)c1OC, 44.0, CHEMBL879983, CHEMBL279455
CHEMBL202, P00374, Dihydrofolate reductase, C/C=C/c1cc(Cc2cnc(N)nc2N)cc(OC)c1OC, 93.0, CHEMBL879983, CHEMBL23338
CHEMBL202, P00374, Dihydrofolate reductase, CN(Cc1cnc2nc(N)nc(N)c2n1)c1ccc(C(=O)NC(CCCN)C(=O)O)cc1, 2.5, CHEMBL668278, CHEMBL36083
CHEMBL202, P00374, Dihydrofolate reductase, CN(Cc1cnc2nc(N)nc(N)c2n1)c1ccc(C(=O)NC(CCCN)C(=O)O)cc1, 1.0, CHEMBL668279, CHEMBL36083
CHEMBL202, P00374, Dihydrofolate reductase, COc1cc(Cc2cnc(N)nc2N)cc(OC)c1OC, 450.0, CHEMBL879983, CHEMBL22
CHEMBL202, P00374, Dihydrofolate reductase, CN(Cc1cnc2nc(N)nc(N)c2n1)c1ccc(C(=O)N[C@@H](CCC(=O)O)C(=O)O)cc1, 0.82, CHEMBL668277, CHEMBL34259
CHEMBL202, P00374, Dihydrofolate reductase, COc1cc(Cc2cnc(N)nc2N)cc(OC)c1OC, 200000.0, CHEMBL668441, CHEMBL22
CHEMBL202, P00374, Dihydrofolate reductase, Nc1nc(O)c2c(CNc3ccc(C(=O)N[C@@H](CCC(=O)O)C(=O)O)cc3)c[nH]c2n1, 10000.0, CHEMBL668441, CHEMBL61708
CHEMBL202, P00374, Dihydrofolate reductase, C=CCc1cc(Cc2cnc(N)nc2N)cc(OC)c1OC, 110.0, CHEMBL879983, CHEMBL282022
CHEMBL202, P00374, Dihydrofolate reductase, Nc1nc2[nH]cc(CCc3ccc(C(=O)N[C@@H](CCC(=O)O)C(=O)O)cc3)c2c(=O)[nH]1, 2300.0, CHEMBL668441, CHEMBL225072
CHEMBL202, P00374, Dihydrofolate reductase, N#CCN(Cc1ccc2nc(N)nc(O)c2c1)c1ccc(C(=O)NC(CCC(=O)O)C(=O)O)cc1, 460.0, CHEMBL663135, CHEMBL34918
CHEMBL202, P00374, Dihydrofolate reductase, CCc1cc(Cc2cnc(N)nc2N)cc(C)c1OC, 310.0, CHEMBL879983, CHEMBL23447
CHEMBL202, P00374, Dihydrofolate reductase, CCCc1cc(Cc2cnc(N)nc2N)cc(OC)c1OC, 67.0, CHEMBL879983, CHEMBL278345
CHEMBL202, P00374, Dihydrofolate reductase, CN(Cc1cnc2nc(N)nc(N)c2n1)c1ccc(C(=O)NC(CC(F)(F)CN)C(=O)O)cc1, 1.3, CHEMBL668278, CHEMBL83644
CHEMBL202, P00374, Dihydrofolate reductase, CN(Cc1cnc2nc(N)nc(N)c2n1)c1ccc(C(=O)N[C@@H](CCC(=O)O)C(=O)O)cc1, 1.2, CHEMBL663135, CHEMBL34259
CHEMBL202, P00374, Dihydrofolate reductase, COc1cc(NCc2ccc3nc(N)nc(N)c3c2C)cc(OC)c1OC, 90.0, CHEMBL668441, CHEMBL119
CHEMBL202, P00374, Dihydrofolate reductase, CCOc1cc(Cc2cnc(N)nc2N)cc(OC)c1OC, 170.0, CHEMBL879983, CHEMBL23609
CHEMBL202, P00374, Dihydrofolate reductase, C#CCN(Cc1ccc2[nH]c(N)nc(=O)c2c1)c1ccc(C(=O)NC(CCC(=O)O)C(=O)O)cc1, 300.0, CHEMBL663135, CHEMBL422395
CHEMBL202, P00374, Dihydrofolate reductase, C#CCN(Cc1ccc2[nH]c(N)nc(=O)c2c1)c1ccc(C(=O)NC(CCC(=O)O)C(=O)O)cc1, 22000.0, CHEMBL663134, CHEMBL422395
CHEMBL202, P00374, Dihydrofolate reductase, CC(C)c1cc(Cc2cnc(N)nc2N)cc(C(C)C)c1O, 29.0, CHEMBL879983, CHEMBL440946
CHEMBL202, P00374, Dihydrofolate reductase, COc1c(C)cc(Cc2cnc(N)nc2N)cc1C, 370.0, CHEMBL879983, CHEMBL287553
CHEMBL202, P00374, Dihydrofolate reductase, COc1c(C(C)(C)C)cc(Cc2cnc(N)nc2N)cc1C(C)(C)C, 58.0, CHEMBL879983, CHEMBL24374
CHEMBL202, P00374, Dihydrofolate reductase, CN(Cc1cnc2nc(N)nc(N)c2n1)c1ccc(C(=O)N[C@@H](CCC(=O)O)C(=O)O)cc1, 66.0, CHEMBL668441, CHEMBL34259
CHEMBL202, P00374, Dihydrofolate reductase, C=CCc1cc(Cc2cnc(N)nc2N)cc(CCC)c1O, 20.0, CHEMBL879983, CHEMBL24503
CHEMBL202, P00374, Dihydrofolate reductase, CCCc1cc(Cc2cnc(N)nc2N)cc(CC)c1O, 49.0, CHEMBL879983, CHEMBL25888
CHEMBL202, P00374, Dihydrofolate reductase, Nc1cc(N)c2cc(CCc3ccc(C(=O)NC(CCC(=O)O)C(=O)O)cc3)ccc2c1, 14.0, CHEMBL667987, CHEMBL109260
CHEMBL202, P00374, Dihydrofolate reductase, CN(Cc1cnc2nc(N)nc(N)c2n1)c1ccc(C(=O)N[C@@H](CCC(=O)O)C(=O)O)cc1, 26.0, CHEMBL667987, CHEMBL34259
CHEMBL202, P00374, Dihydrofolate reductase, COc1cc(-c2sc3nc(N)nc(N)c3c2C)cc(OC)c1OC, 10000.0, CHEMBL668085, CHEMBL326200
CHEMBL202, P00374, Dihydrofolate reductase, Cc1nc(N)c2nc(CNc3ccc(C(=O)NC(CCC(=O)O)C(=O)O)cc3)cnc2n1, 50000.0, CHEMBL668427, CHEMBL307137
CHEMBL202, P00374, Dihydrofolate reductase, CN(Cc1cnc2nc(N)nc(N)c2n1)c1ccc(C(=O)N[C@@H](CCC(=O)O)C(=O)O)cc1, 20.0, CHEMBL668427, CHEMBL34259
CHEMBL202, P00374, Dihydrofolate reductase, NCCCC(NC(=O)c1ccc(NCc2ccc3nc(N)nc(O)c3c2Cl)cc1)C(=O)O, 430.0, CHEMBL669277, CHEMBL288142
CHEMBL202, P00374, Dihydrofolate reductase, Nc1ncnc2ncc(CNc3ccc(C(=O)NC(CCC(=O)O)C(=O)O)cc3)nc12, 19000.0, CHEMBL668427, CHEMBL430797
CHEMBL202, P00374, Dihydrofolate reductase, COc1ccc(OC)c(Cc2sc3nc(N)nc(N)c3c2C)c1, 730.0, CHEMBL668085, CHEMBL104787
CHEMBL202, P00374, Dihydrofolate reductase, NCCCC(NC(=O)c1ccc(NCC2CNc3nc(N)nc(O)c3C2)cc1)C(=O)O, 2000.0, CHEMBL669278, CHEMBL289923
CHEMBL202, P00374, Dihydrofolate reductase, COc1ccc(OC)c(-c2sc3nc(N)nc(N)c3c2C)c1, 750.0, CHEMBL668085, CHEMBL323960
CHEMBL202, P00374, Dihydrofolate reductase, COc1ccc(OC)c(CCc2sc3nc(N)nc(N)c3c2C)c1, 10000.0, CHEMBL668085, CHEMBL322585
CHEMBL202, P00374, Dihydrofolate reductase, COc1cc(Cc2sc3nc(N)nc(N)c3c2C)cc(OC)c1OC, 10000.0, CHEMBL668085, CHEMBL322315
CHEMBL202, P00374, Dihydrofolate reductase, COc1cc(CCc2sc3nc(N)nc(N)c3c2C)cc(OC)c1OC, 10000.0, CHEMBL668085, CHEMBL322861
CHEMBL202, P00374, Dihydrofolate reductase, COc1cc(NCc2ccc3nc(N)nc(N)c3c2C)cc(OC)c1OC, 1.4, CHEMBL668085, CHEMBL119
CHEMBL202, P00374, Dihydrofolate reductase, C=C(CC(NC(=O)c1ccc(N(C)Cc2cnc3nc(N)nc(N)c3n2)cc1)C(=O)O)C(=O)O, 6.4, CHEMBL668094, CHEMBL65616
CHEMBL202, P00374, Dihydrofolate reductase, Nc1nc(N)c2nc(CCc3ccc(C(=O)NC(C(=O)O)C(O)CC(=O)O)cc3)cnc2n1, 5.9, CHEMBL668094, CHEMBL73267
CHEMBL202, P00374, Dihydrofolate reductase, C=C(CC(NC(=O)c1ccc(C(CC)Cc2cnc3nc(N)nc(N)c3n2)cc1)C(=O)O)C(=O)O, 5.8, CHEMBL668094, CHEMBL308279
CHEMBL202, P00374, Dihydrofolate reductase, CN(Cc1cnc2nc(N)nc(N)c2n1)c1ccc(C(=O)N[C@@H](CCC(=O)O)C(=O)O)cc1, 3.9, CHEMBL668094, CHEMBL34259
CHEMBL202, P00374, Dihydrofolate reductase, CN(Cc1cnc2nc(N)nc(N)c2n1)c1ccc(C(=O)NC(C(=O)O)C(O)CC(=O)O)cc1, 5.3, CHEMBL668094, CHEMBL307820
CHEMBL202, P00374, Dihydrofolate reductase, C=C(CC(NC(=O)c1ccc(CCc2cnc3nc(N)nc(N)c3n2)cc1)C(=O)O)C(=O)O, 8.8, CHEMBL668094, CHEMBL307486
CHEMBL202, P00374, Dihydrofolate reductase, CCC(Cc1cnc2nc(N)nc(N)c2n1)c1ccc(C(=O)N[C@@H](CCC(=O)O)C(=O)O)cc1, 4.4, CHEMBL668094, CHEMBL296373
CHEMBL202, P00374, Dihydrofolate reductase, Nc1nc(N)c2nc(CCc3ccc(C(=O)N[C@@H](CCC(=O)O)C(=O)O)cc3)cnc2n1, 4.1, CHEMBL668094, CHEMBL293263
CHEMBL202, P00374, Dihydrofolate reductase, CN(Cc1cnc2ncnc(N)c2n1)c1ccc(C(=O)NC(CCC(=O)O)C(=O)O)cc1, 6000.0, CHEMBL668093, CHEMBL74422
CHEMBL202, P00374, Dihydrofolate reductase, CN(Cc1cnc2nc(N)nc(N)c2n1)c1ccc(C(=O)N[C@@H](CCC(=O)O)C(=O)O)cc1, 24.0, CHEMBL668093, CHEMBL34259
CHEMBL202, P00374, Dihydrofolate reductase, Cc1nc(N)c2nc(CNc3ccc(C(=O)NC(CCC(=O)O)C(=O)O)cc3)cnc2n1, 50000.0, CHEMBL668093, CHEMBL307137
CHEMBL202, P00374, Dihydrofolate reductase, COc1ccc(C#CCCC(=O)O)cc1Cc1cnc(N)nc1N, 30000.0, CHEMBL668104, CHEMBL34823
CHEMBL202, P00374, Dihydrofolate reductase, COc1ccc(C#CCCC(=O)O)cc1Cc1cnc(N)nc1N, 5000.0, CHEMBL668103, CHEMBL34823
CHEMBL202, P00374, Dihydrofolate reductase, Nc1nc(N)c2nc(CNc3ccc(C(=O)N[C@@H](CCC(=O)O)C(=O)O)cc3)cnc2n1, 25.0, CHEMBL668093, CHEMBL376180
CHEMBL202, P00374, Dihydrofolate reductase, CCOc1cc(Cc2cnc(N)nc2N)cc2c1OCO2, 140.0, CHEMBL667004, CHEMBL58908
CHEMBL202, P00374, Dihydrofolate reductase, COc1cc(Cc2cnc3nc(N)nc(N)c3c2C)cc(OC)c1, 1.5, CHEMBL668280, CHEMBL38053
CHEMBL202, P00374, Dihydrofolate reductase, Cc1cc(Cc2cnc(N)nc2N)cc2c1OC(C)(C)C2, 190.0, CHEMBL667004, CHEMBL291540
CHEMBL202, P00374, Dihydrofolate reductase, Cc1nc(N)c2nc(CN(C)c3ccc(C(=O)NC(CCC(=O)O)C(=O)O)cc3)cnc2n1, 20000.0, CHEMBL668093, CHEMBL419087
CHEMBL202, P00374, Dihydrofolate reductase, COc1ccc(OCCCCC(=O)O)cc1Cc1cnc(N)nc1N, 8000.0, CHEMBL668097, CHEMBL37520
CHEMBL202, P00374, Dihydrofolate reductase, COc1ccc(OCCCCC(=O)O)cc1Cc1cnc(N)nc1N, 5000.0, CHEMBL668096, CHEMBL37520
CHEMBL202, P00374, Dihydrofolate reductase, COc1ccc(OCCCCC(=O)O)cc1Cc1cnc(N)nc1N, 8000.0, CHEMBL668098, CHEMBL37520
CHEMBL202, P00374, Dihydrofolate reductase, COc1cc(Cc2cnc(N)nc2N)cc(OC)c1OC, 5000.0, CHEMBL880679, CHEMBL22
CHEMBL202, P00374, Dihydrofolate reductase, COc1cc(Cc2cnc(N)nc2N)cc(OC)c1OC, 2000.0, CHEMBL668105, CHEMBL22
CHEMBL202, P00374, Dihydrofolate reductase, COc1cc(Cc2cnc(N)nc2N)cc(OC)c1OC, 300000.0, CHEMBL668276, CHEMBL22
CHEMBL202, P00374, Dihydrofolate reductase, CCCc1cc(Cc2cnc(N)nc2N)cc2c1OC(C)C2, 66.0, CHEMBL667004, CHEMBL61356
CHEMBL202, P00374, Dihydrofolate reductase, CCCc1cc(Cc2cnc(N)nc2N)cc2c1OC(C)(C)C2, 46.0, CHEMBL667004, CHEMBL301629
CHEMBL202, P00374, Dihydrofolate reductase, COc1cc(Cc2cnc(N)nc2N)cc(OC)c1OC, 450.0, CHEMBL667004, CHEMBL22
CHEMBL202, P00374, Dihydrofolate reductase, CCCc1cc(Cc2cnc(N)nc2N)cc2c1OC(C)C2C, 14.0, CHEMBL667004, CHEMBL61857
CHEMBL202, P00374, Dihydrofolate reductase, Nc1ncnc2ncc(CNc3ccc(C(=O)NC(CCC(=O)O)C(=O)O)cc3)nc12, 19000.0, CHEMBL668093, CHEMBL430797
CHEMBL202, P00374, Dihydrofolate reductase, CCc1cc(Cc2cnc(N)nc2N)cc2c1OC(C)C2, 110.0, CHEMBL667004, CHEMBL58481
CHEMBL202, P00374, Dihydrofolate reductase, Cc1c2cnc3nc(N)nc(O)c3c2c(C)n1C, 95000.0, CHEMBL668425, CHEMBL122959
CHEMBL202, P00374, Dihydrofolate reductase, Nc1nc(O)c2c(ncc3cn(-c4ccc(C(=O)NC(CCC(=O)O)C(=O)O)cc4)cc32)n1, 80000.0, CHEMBL668424, CHEMBL331208
CHEMBL202, P00374, Dihydrofolate reductase, Nc1nc(O)c2c(n1)NCC1CN(c3ccc(C(=O)NC(CCC(=O)O)C(=O)O)cc3)CC21, 40000.0, CHEMBL668424, CHEMBL123231
CHEMBL202, P00374, Dihydrofolate reductase, COc1ccc(CN2CCc3nc4nc(N)nc(N)c4cc3C2)cc1, 27000.0, CHEMBL668440, CHEMBL146925
CHEMBL202, P00374, Dihydrofolate reductase, COc1cc(NCc2ccc3nc(N)nc(N)c3c2C)cc(OC)c1OC, 18.0, CHEMBL668440, CHEMBL119
CHEMBL202, P00374, Dihydrofolate reductase, Nc1nc(N)c2cc3c(nc2n1)CCN(Cc1ccc(Cl)c(Cl)c1)C3, 26000.0, CHEMBL668440, CHEMBL439816
CHEMBL202, P00374, Dihydrofolate reductase, Nc1nc(N)c2cc3c(nc2n1)CCN(Cc1ccccc1)C3, 32000.0, CHEMBL668440, CHEMBL421959
CHEMBL202, P00374, Dihydrofolate reductase, Nc1nc(N)c2cc3c(nc2n1)CCN(C(=O)OCc1ccccc1)C3, 30000.0, CHEMBL668440, CHEMBL148599
CHEMBL202, P00374, Dihydrofolate reductase, CN(Cc1cnc2nc(N)nc(N)c2n1)c1ccc(C(=O)N[C@@H](CCC(=O)O)C(=O)O)cc1, 22.0, CHEMBL668440, CHEMBL34259
CHEMBL202, P00374, Dihydrofolate reductase, Nc1nc(N)c2cc3c(nc2n1)CCN(Cc1ccc(C(=O)N[C@@H](CCC(=O)O)C(=O)O)cc1)C3, 5400.0, CHEMBL668440, CHEMBL422316
CHEMBL202, P00374, Dihydrofolate reductase, COc1cc(Cc2cnc(N)nc2N)cc(OC)c1OC, 340000.0, CHEMBL668440, CHEMBL22
CHEMBL202, P00374, Dihydrofolate reductase, COc1cc(CN2CCc3nc4nc(N)nc(N)c4cc3C2)cc(OC)c1, 22000.0, CHEMBL668440, CHEMBL357973
CHEMBL202, P00374, Dihydrofolate reductase, Nc1nc(N)c2cc3c(nc2n1)CCN(Cc1ccc(Cl)cc1Cl)C3, 1300.0, CHEMBL668440, CHEMBL149027
CHEMBL202, P00374, Dihydrofolate reductase, COc1cc(Cc2cnc(N)nc2N)cc(OC)c1OC, 3400.0, CHEMBL669988, CHEMBL22
CHEMBL202, P00374, Dihydrofolate reductase, CCc1[nH]c(N)nc2nc(C)c(CCc3ccc(C(=O)N[C@@H](CCC(=O)O)C(=O)O)cc3)c1-2, 22000.0, CHEMBL669988, CHEMBL154935
CHEMBL202, P00374, Dihydrofolate reductase, CN(Cc1cnc2nc(N)nc(N)c2n1)c1ccc(C(=O)N[C@@H](CCC(=O)O)C(=O)O)cc1, 22.0, CHEMBL669988, CHEMBL34259
CHEMBL202, P00374, Dihydrofolate reductase, Cc1nc(N)nc2[nH]cc(CCc3ccc(C(=O)N[C@@H](CCC(=O)O)C(=O)O)cc3)c12, 1200.0, CHEMBL669988, CHEMBL439973
CHEMBL202, P00374, Dihydrofolate reductase, Nc1nc2[nH]cc(CCc3ccc(C(=O)N[C@@H](CCC(=O)O)C(=O)O)cc3)c2c(=O)[nH]1, 1400.0, CHEMBL669988, CHEMBL225072
CHEMBL202, P00374, Dihydrofolate reductase, CCc1[nH]c(N)nc2ncc(CCc3ccc(C(=O)N[C@@H](CCC(=O)O)C(=O)O)cc3)c1-2, 920.0, CHEMBL669988, CHEMBL157434
CHEMBL202, P00374, Dihydrofolate reductase, CN(Cc1cnc2nc(N)nc(N)c2n1)c1ccc(C(=O)N[C@@H](CCC(=O)O)C(=O)O)cc1, 4.3, CHEMBL669443, CHEMBL34259
CHEMBL202, P00374, Dihydrofolate reductase, Nc1nc(=O)c2cc(CSc3ccc(C(=O)NC(CCC(=O)O)C(=O)O)cc3)ccc2[nH]1, 330.0, CHEMBL669445, CHEMBL138870
CHEMBL202, P00374, Dihydrofolate reductase, O=C(O)CCC(NC(=O)c1ccc(SCc2ccc3ncnc(O)c3c2)cc1)C(=O)O, 650.0, CHEMBL669445, CHEMBL171790
CHEMBL202, P00374, Dihydrofolate reductase, NCCCC(NC(=O)c1ccc(SCc2ccc3ncnc(O)c3c2)cc1)C(=O)O, 3800.0, CHEMBL669445, CHEMBL43288
CHEMBL202, P00374, Dihydrofolate reductase, NCCCC(NC(=O)c1ccc(SCc2ccc3nc(N)nc(O)c3c2)cc1)C(=O)O, 1500.0, CHEMBL669445, CHEMBL41161
CHEMBL202, P00374, Dihydrofolate reductase, NCCCC(NC(=O)c1ccc(NCc2ccc3nc(N)nc(N)c3c2Cl)cc1)C(=O)O, 3.0, CHEMBL669445, CHEMBL38937
CHEMBL202, P00374, Dihydrofolate reductase, NCCCC(NC(=O)c1ccc(OCc2ccc3nc(N)nc(O)c3c2)cc1)C(=O)O, 530.0, CHEMBL669445, CHEMBL289372
CHEMBL202, P00374, Dihydrofolate reductase, NCCCC(NC(=O)c1ccc(OCc2ccc3ncnc(O)c3c2)cc1)C(=O)O, 3800.0, CHEMBL669445, CHEMBL39107
CHEMBL202, P00374, Dihydrofolate reductase, NCCCC(NC(=O)c1ccc(NCc2ccc3nc(N)nc(O)c3c2Cl)cc1)C(=O)O, 430.0, CHEMBL669445, CHEMBL288142
CHEMBL202, P00374, Dihydrofolate reductase, Nc1nc(O)c2cc(COc3ccc(C(=O)NC(CCC(=O)O)C(=O)O)cc3)ccc2n1, 170.0, CHEMBL669445, CHEMBL139551
CHEMBL202, P00374, Dihydrofolate reductase, CN(Cc1cnc2nc(N)nc(N)c2n1)c1ccc(C(=O)NC(CC(F)C(=O)O)C(=O)O)cc1, 1.35, CHEMBL668271, CHEMBL160505
CHEMBL202, P00374, Dihydrofolate reductase, CN(Cc1cnc2nc(N)nc(N)c2n1)c1ccc(C(=O)N[C@@H](CCC(=O)O)C(=O)O)cc1, 1.18, CHEMBL668271, CHEMBL34259
CHEMBL202, P00374, Dihydrofolate reductase, CN(Cc1cnc2nc(N)nc(N)c2n1)c1ccc(C(=O)N[C@@H](CCC(=O)O)C(=O)O)cc1, 1.4, CHEMBL668272, CHEMBL34259
CHEMBL202, P00374, Dihydrofolate reductase, CN(Cc1cnc2nc(N)nc(N)c2n1)c1ccc(C(=O)N[C@H](C[C@@H](F)C(=O)O)C(=O)O)cc1, 0.84, CHEMBL668271, CHEMBL349572
CHEMBL202, P00374, Dihydrofolate reductase, Nc1nc(O)c2c(Cl)c(CNc3ccc(C(=O)NC(CCC(=O)O)C(=O)O)cc3)ccc2n1, 100.0, CHEMBL669445, CHEMBL38561
CHEMBL202, P00374, Dihydrofolate reductase, Nc1nc(N)c2c(Cl)c(CNc3ccc(C(=O)NC(CCC(=O)O)C(=O)O)cc3)ccc2n1, 3.8, CHEMBL669445, CHEMBL37061
CHEMBL202, P00374, Dihydrofolate reductase, CN(Cc1cnc2nc(N)nc(N)c2n1)c1ccc(C(=O)N[C@@H](CCC(=O)O)C(=O)O)cc1, 0.72, CHEMBL668271, CHEMBL34259
CHEMBL202, P00374, Dihydrofolate reductase, CN(Cc1cnc2nc(N)nc(N)c2n1)c1ccc(C(=O)N[C@@H](CCC(=O)O)C(=O)O)cc1, 0.6, CHEMBL668272, CHEMBL34259
CHEMBL202, P00374, Dihydrofolate reductase, CN(Cc1cnc2nc(N)nc(N)c2n1)c1ccc(C(=O)NC(C(=O)O)C(F)(F)CC(=O)O)cc1, 1.34, CHEMBL668272, CHEMBL160699
CHEMBL202, P00374, Dihydrofolate reductase, O=C(O)CCC(NC(=O)c1ccc(OCc2ccc3ncnc(O)c3c2)cc1)C(=O)O, 260.0, CHEMBL669445, CHEMBL354121
CHEMBL202, P00374, Dihydrofolate reductase, Nc1ccc(Sc2cccc3nc(N)nc(N)c23)cc1, 320.0, CHEMBL669279, CHEMBL333769
CHEMBL202, P00374, Dihydrofolate reductase, Nc1nc(N)c2c(Sc3ccc(C(F)(F)F)cc3)cccc2n1, 2600.0, CHEMBL669279, CHEMBL413110
CHEMBL202, P00374, Dihydrofolate reductase, Nc1nc(N)c2c(Sc3cccc(Cl)c3)cccc2n1, 270.0, CHEMBL669279, CHEMBL338742
CHEMBL202, P00374, Dihydrofolate reductase, Nc1nc(N)c2c(Sc3ccccc3Cl)cccc2n1, 92.0, CHEMBL669279, CHEMBL334307
CHEMBL202, P00374, Dihydrofolate reductase, CCc1nc(N)nc(N)c1-c1ccc(Cl)cc1, 2600.0, CHEMBL669279, CHEMBL36
CHEMBL202, P00374, Dihydrofolate reductase, CC(C)(C)c1ccc(Sc2c(N)ccc3nc(N)nc(N)c23)cc1, 4300.0, CHEMBL669279, CHEMBL120588
CHEMBL202, P00374, Dihydrofolate reductase, COc1ccc(OC)c(Cc2cnc3nc(N)nc(N)c3c2C)c1, 2.0, CHEMBL669279, CHEMBL7492
CHEMBL202, P00374, Dihydrofolate reductase, Nc1nc(N)c2c(Sc3ccc(OC4CCOCC4)cc3)cccc2n1, 200.0, CHEMBL669279, CHEMBL121057
CHEMBL202, P00374, Dihydrofolate reductase, COc1ccc(Sc2cccc3nc(N)nc(N)c23)cc1, 3500.0, CHEMBL669279, CHEMBL330868
CHEMBL202, P00374, Dihydrofolate reductase, CC(C)COc1ccc2nc(N)nc(N)c2c1Sc1ccc(C(C)(C)C)cc1, 30.0, CHEMBL669279, CHEMBL121669
CHEMBL1809, P0ABQ4, Dihydrofolate reductase, COc1cc(Cc2cnc(N)nc2N)cc(OC)c1OC, 1000.0, CHEMBL666737, CHEMBL22
CHEMBL1809, P0ABQ4, Dihydrofolate reductase, Nc1nc(O)c2c(CNc3ccc(C(=O)N[C@@H](CCC(=O)O)C(=O)O)cc3)c[nH]c2n1, 2300.0, CHEMBL666737, CHEMBL61708
CHEMBL1809, P0ABQ4, Dihydrofolate reductase, Nc1nc2[nH]cc(CCc3ccc(C(=O)N[C@@H](CCC(=O)O)C(=O)O)cc3)c2c(=O)[nH]1, 2300.0, CHEMBL666737, CHEMBL225072
CHEMBL1809, P0ABQ4, Dihydrofolate reductase, COc1cc(NCc2ccc3nc(N)nc(N)c3c2C)cc(OC)c1OC, 1800.0, CHEMBL666737, CHEMBL119
CHEMBL1809, P0ABQ4, Dihydrofolate reductase, CN(Cc1cnc2nc(N)nc(N)c2n1)c1ccc(C(=O)N[C@@H](CCC(=O)O)C(=O)O)cc1, 4400.0, CHEMBL666737, CHEMBL34259
CHEMBL1809, P0ABQ4, Dihydrofolate reductase, Nc1nc(N)c2c3c(sc2n1)CCCCCC3, 6500.0, CHEMBL664436, CHEMBL108006
CHEMBL1809, P0ABQ4, Dihydrofolate reductase, Cc1c(-c2ccc(Cl)c(Cl)c2)sc2nc(N)nc(N)c12, 16000.0, CHEMBL664436, CHEMBL107167
CHEMBL1809, P0ABQ4, Dihydrofolate reductase, Cc1c(-c2ccc(Cl)c(Cl)c2)sc2nc(N)nc(N)c12, 28000.0, CHEMBL665618, CHEMBL107167
CHEMBL1809, P0ABQ4, Dihydrofolate reductase, Cc1c(Cc2ccccc2)sc2nc(N)nc(N)c12, 35000.0, CHEMBL664436, CHEMBL320811
CHEMBL1809, P0ABQ4, Dihydrofolate reductase, Cc1c(Cc2ccccc2)sc2nc(N)nc(N)c12, 6500.0, CHEMBL665618, CHEMBL320811
CHEMBL1809, P0ABQ4, Dihydrofolate reductase, COc1cc(-c2sc3nc(N)nc(N)c3c2C)cc(OC)c1OC, 8000.0, CHEMBL664436, CHEMBL326200
CHEMBL1809, P0ABQ4, Dihydrofolate reductase, COc1cc(-c2sc3nc(N)nc(N)c3c2C)cc(OC)c1OC, 320.0, CHEMBL665618, CHEMBL326200
CHEMBL1809, P0ABQ4, Dihydrofolate reductase, Cc1sc2nc(N)nc(N)c2c1Cc1ccccc1, 100000.0, CHEMBL664436, CHEMBL321826
CHEMBL1809, P0ABQ4, Dihydrofolate reductase, Cc1sc2nc(N)nc(N)c2c1Cc1ccccc1, 100000.0, CHEMBL665618, CHEMBL321826
CHEMBL1809, P0ABQ4, Dihydrofolate reductase, Cc1c(-c2ccccc2)sc2nc(N)nc(N)c12, 26000.0, CHEMBL664436, CHEMBL104555
CHEMBL1809, P0ABQ4, Dihydrofolate reductase, Cc1c(-c2ccccc2)sc2nc(N)nc(N)c12, 3900.0, CHEMBL665618, CHEMBL104555
CHEMBL1809, P0ABQ4, Dihydrofolate reductase, COc1ccc(OC)c(CCc2csc3nc(N)nc(N)c23)c1, 28000.0, CHEMBL664436, CHEMBL107023
CHEMBL1809, P0ABQ4, Dihydrofolate reductase, COc1ccc(OC)c(CCc2csc3nc(N)nc(N)c23)c1, 5800.0, CHEMBL665618, CHEMBL107023
CHEMBL1809, P0ABQ4, Dihydrofolate reductase, Nc1nc(N)c2c3c(sc2n1)CCCC3, 2100.0, CHEMBL664436, CHEMBL323155
CHEMBL1809, P0ABQ4, Dihydrofolate reductase, Nc1nc(N)c2c3c(sc2n1)CCCC3, 2800.0, CHEMBL665618, CHEMBL323155
CHEMBL1809, P0ABQ4, Dihydrofolate reductase, COc1ccc(OC)c(Cc2sc3nc(N)nc(N)c3c2C)c1, 14000.0, CHEMBL664436, CHEMBL104787
CHEMBL1809, P0ABQ4, Dihydrofolate reductase, COc1ccc(OC)c(Cc2sc3nc(N)nc(N)c3c2C)c1, 70.0, CHEMBL665618, CHEMBL104787
CHEMBL1809, P0ABQ4, Dihydrofolate reductase, Nc1nc(N)c2c3c(sc2n1)CCCCC3, 1400.0, CHEMBL664436, CHEMBL325333
CHEMBL1809, P0ABQ4, Dihydrofolate reductase, Nc1nc(N)c2c3c(sc2n1)CCCCC3, 860.0, CHEMBL665618, CHEMBL325333
CHEMBL1809, P0ABQ4, Dihydrofolate reductase, COc1ccc(OC)c(Cc2cnc3nc(N)nc(N)c3c2C)c1, 38.0, CHEMBL664436, CHEMBL7492
CHEMBL1809, P0ABQ4, Dihydrofolate reductase, COc1ccc(OC)c(Cc2cnc3nc(N)nc(N)c3c2C)c1, 11.0, CHEMBL665618, CHEMBL7492
CHEMBL1809, P0ABQ4, Dihydrofolate reductase, COc1ccc(OC)c(CCCc2csc3nc(N)nc(N)c23)c1, 55000.0, CHEMBL664436, CHEMBL104379
CHEMBL1809, P0ABQ4, Dihydrofolate reductase, COc1ccc(OC)c(CCCc2csc3nc(N)nc(N)c23)c1, 24000.0, CHEMBL665618, CHEMBL104379
CHEMBL1809, P0ABQ4, Dihydrofolate reductase, COc1ccc(OC)c(-c2sc3nc(N)nc(N)c3c2C)c1, 4800.0, CHEMBL664436, CHEMBL323960
CHEMBL1809, P0ABQ4, Dihydrofolate reductase, COc1ccc(OC)c(-c2sc3nc(N)nc(N)c3c2C)c1, 130.0, CHEMBL665618, CHEMBL323960
CHEMBL1809, P0ABQ4, Dihydrofolate reductase, COc1ccc(OC)c(CCc2sc3nc(N)nc(N)c3c2C)c1, 1200.0, CHEMBL664436, CHEMBL322585
CHEMBL1809, P0ABQ4, Dihydrofolate reductase, COc1ccc(OC)c(CCc2sc3nc(N)nc(N)c3c2C)c1, 3300.0, CHEMBL665618, CHEMBL322585
CHEMBL1809, P0ABQ4, Dihydrofolate reductase, COc1cc(Cc2sc3nc(N)nc(N)c3c2C)cc(OC)c1OC, 8000.0, CHEMBL664436, CHEMBL322315
CHEMBL1809, P0ABQ4, Dihydrofolate reductase, COc1cc(Cc2sc3nc(N)nc(N)c3c2C)cc(OC)c1OC, 630.0, CHEMBL665618, CHEMBL322315
CHEMBL1809, P0ABQ4, Dihydrofolate reductase, Cc1sc2nc(N)nc(N)c2c1-c1ccc(Cl)cc1, 100000.0, CHEMBL664436, CHEMBL107079
CHEMBL1809, P0ABQ4, Dihydrofolate reductase, Cc1sc2nc(N)nc(N)c2c1-c1ccc(Cl)cc1, 70000.0, CHEMBL665618, CHEMBL107079
CHEMBL1809, P0ABQ4, Dihydrofolate reductase, COc1cc(CCc2sc3nc(N)nc(N)c3c2C)cc(OC)c1OC, 8000.0, CHEMBL664436, CHEMBL322861
CHEMBL1809, P0ABQ4, Dihydrofolate reductase, COc1cc(CCc2sc3nc(N)nc(N)c3c2C)cc(OC)c1OC, 18000.0, CHEMBL665618, CHEMBL322861
CHEMBL1809, P0ABQ4, Dihydrofolate reductase, Nc1nc(N)c2c3c(sc2n1)CCCCCCCCCC3, 50000.0, CHEMBL664436, CHEMBL104770
CHEMBL1809, P0ABQ4, Dihydrofolate reductase, COc1cc(NCc2ccc3nc(N)nc(N)c3c2C)cc(OC)c1OC, 42.0, CHEMBL664436, CHEMBL119
CHEMBL1809, P0ABQ4, Dihydrofolate reductase, COc1cc(NCc2ccc3nc(N)nc(N)c3c2C)cc(OC)c1OC, 10.0, CHEMBL665618, CHEMBL119
CHEMBL1809, P0ABQ4, Dihydrofolate reductase, CCc1cccc2nc(N)nc(N)c12, 158489319.25, CHEMBL668340, CHEMBL140245
CHEMBL1809, P0ABQ4, Dihydrofolate reductase, CCSc1cccc2nc(N)nc(N)c12, 630957344.48, CHEMBL668340, CHEMBL344047
CHEMBL1809, P0ABQ4, Dihydrofolate reductase, Nc1nc(N)c2c(Cl)cccc2n1, 100000000.0, CHEMBL668340, CHEMBL266320
CHEMBL1809, P0ABQ4, Dihydrofolate reductase, Nc1nc(N)c2c(I)cccc2n1, 630957344.48, CHEMBL668340, CHEMBL136771
CHEMBL1809, P0ABQ4, Dihydrofolate reductase, Nc1nc(N)c2c(OCc3ccccc3)cccc2n1, 1000000000.0, CHEMBL668340, CHEMBL342595
CHEMBL1809, P0ABQ4, Dihydrofolate reductase, Nc1nc(N)c2c(S(=O)(=O)c3ccccc3)cccc2n1, 10000000.0, CHEMBL668611, CHEMBL139392
CHEMBL1809, P0ABQ4, Dihydrofolate reductase, Nc1nc(N)c2c(Sc3ccccc3)cccc2n1, 501187233.63, CHEMBL668340, CHEMBL100239
CHEMBL1809, P0ABQ4, Dihydrofolate reductase, Nc1nc(N)c2c([N+](=O)[O-])cccc2n1, 10000000.0, CHEMBL668340, CHEMBL139209
CHEMBL1809, P0ABQ4, Dihydrofolate reductase, CSc1cccc2nc(N)nc(N)c12, 100000000.0, CHEMBL668340, CHEMBL139363
CHEMBL1809, P0ABQ4, Dihydrofolate reductase, Nc1nc(N)c2c(Br)cccc2n1, 158489319.25, CHEMBL668340, CHEMBL344910
CHEMBL1809, P0ABQ4, Dihydrofolate reductase, Nc1nc(N)c2ccccc2n1, 100000000.0, CHEMBL668340, CHEMBL268354
CHEMBL1809, P0ABQ4, Dihydrofolate reductase, CN(C)c1cccc2nc(N)nc(N)c12, 100000000.0, CHEMBL668340, CHEMBL336468
CHEMBL1809, P0ABQ4, Dihydrofolate reductase, CC(C)Oc1cccc2nc(N)nc(N)c12, 1000000000.0, CHEMBL668611, CHEMBL344386
CHEMBL1809, P0ABQ4, Dihydrofolate reductase, CCOc1cccc2nc(N)nc(N)c12, 630957344.48, CHEMBL668611, CHEMBL343382
CHEMBL1809, P0ABQ4, Dihydrofolate reductase, CCc1nc(N)nc(N)c1-c1ccc(N(C)Cc2ccccc2)c([N+](=O)[O-])c1, 900.0, CHEMBL667188, CHEMBL56170
CHEMBL1809, P0ABQ4, Dihydrofolate reductase, Nc1nc(N)c2c(N3CCCCC3)cccc2n1, 1000000000.0, CHEMBL668340, CHEMBL436600
CHEMBL1809, P0ABQ4, Dihydrofolate reductase, CCCSc1cccc2nc(N)nc(N)c12, 1000000000.0, CHEMBL668340, CHEMBL336047
CHEMBL1809, P0ABQ4, Dihydrofolate reductase, NC(=O)c1cccc2nc(N)nc(N)c12, 1000000000.0, CHEMBL668611, CHEMBL337786
CHEMBL1809, P0ABQ4, Dihydrofolate reductase, CS(=O)(=O)c1cccc2nc(N)nc(N)c12, 1000000000.0, CHEMBL668611, CHEMBL138244
CHEMBL1862, P00519, Tyrosine-protein kinase ABL, COc1ccc(-c2[nH]nc3c2C(=O)c2ccccc2-3)cc1, 725000.0, CHEMBL819326, CHEMBL281470
CHEMBL1862, P00519, Tyrosine-protein kinase ABL, CC(=O)N[C@@H](Cc1ccc(OP(=O)(O)O)cc1)C(=O)N[C@@H](CCC(=O)O)C(=O)N(C)CCCC1CCCCC1, 4000.0, CHEMBL806527, CHEMBL13462
CHEMBL1862, P00519, Tyrosine-protein kinase ABL, CC(=O)N[C@@H](Cc1ccc(OP(=O)(O)O)cc1)C(=O)N[C@@H](CCC(=O)O)C(=O)N(C)CCCC1CCCCC1, 16000.0, CHEMBL762575, CHEMBL13462
CHEMBL1862, P00519, Tyrosine-protein kinase ABL, CC[C@H](C)[C@H](NC(=O)[C@@H]1CCCN1C(=O)[C@@H](NC(=O)[C@H](CCC(=O)O)NC(=O)[C@H](CCC(=O)O)NC(=O)[C@H](Cc1ccc(OP(=O)(O)O)cc1)NC(=O)[C@H](CCC(N)=O)NC(=O)[C@@H]1CCCN1C(=O)[C@@H](N)CCC(=O)O)[C@@H](C)CC)C(=O)N[C@@H](Cc1ccc(O)cc1)C(=O)N[C@@H](CC(C)C)C(=O)O, 15000.0, CHEMBL806527, CHEMBL414123
CHEMBL1862, P00519, Tyrosine-protein kinase ABL, CC[C@H](C)[C@H](NC(=O)[C@@H]1CCCN1C(=O)[C@@H](NC(=O)[C@H](CCC(=O)O)NC(=O)[C@H](CCC(=O)O)NC(=O)[C@H](Cc1ccc(OP(=O)(O)O)cc1)NC(=O)[C@H](CCC(N)=O)NC(=O)[C@@H]1CCCN1C(=O)[C@@H](N)CCC(=O)O)[C@@H](C)CC)C(=O)N[C@@H](Cc1ccc(O)cc1)C(=O)N[C@@H](CC(C)C)C(=O)O, 2900.0, CHEMBL762575, CHEMBL414123
CHEMBL1862, P00519, Tyrosine-protein kinase ABL, CC[C@H](C)[C@H](NC(=O)[C@@H]1CCCN1C(=O)[C@@H](NC(=O)[C@H](CCC(=O)O)NC(=O)[C@H](CCC(=O)O)NC(=O)[C@H](Cc1ccc(C(F)(F)P(=O)(O)O)cc1)NC(=O)[C@H](CCC(N)=O)NC(=O)[C@@H]1CCCN1C(=O)[C@@H](N)CCC(=O)O)[C@@H](C)CC)C(=O)N[C@@H](Cc1ccc(O)cc1)C(=O)N[C@@H](CC(C)C)C(=O)O, 1800.0, CHEMBL806527, CHEMBL413629
CHEMBL1862, P00519, Tyrosine-protein kinase ABL, CC[C@H](C)[C@H](NC(=O)[C@@H]1CCCN1C(=O)[C@@H](NC(=O)[C@H](CCC(=O)O)NC(=O)[C@H](CCC(=O)O)NC(=O)[C@H](Cc1ccc(C(F)(F)P(=O)(O)O)cc1)NC(=O)[C@H](CCC(N)=O)NC(=O)[C@@H]1CCCN1C(=O)[C@@H](N)CCC(=O)O)[C@@H](C)CC)C(=O)N[C@@H](Cc1ccc(O)cc1)C(=O)N[C@@H](CC(C)C)C(=O)O, 13500.0, CHEMBL762575, CHEMBL413629
CHEMBL1862, P00519, Tyrosine-protein kinase ABL, CC[C@H](NC(=O)[C@H](Cc1ccc(OP(=O)(O)O)cc1)NC(C)=O)C(=O)N(C)CCCC1CCCCC1, 15000.0, CHEMBL806527, CHEMBL301845
CHEMBL1862, P00519, Tyrosine-protein kinase ABL, CC[C@H](NC(=O)[C@H](Cc1ccc(OP(=O)(O)O)cc1)NC(C)=O)C(=O)N(C)CCCC1CCCCC1, 100000.0, CHEMBL762575, CHEMBL301845
CHEMBL1862, P00519, Tyrosine-protein kinase ABL, CC(=O)N[C@@H](Cc1ccc(C(F)(F)P(=O)(O)O)cc1)C(=O)N[C@@H](CCC(=O)O)C(=O)N(C)CCCC1CCCCC1, 1700.0, CHEMBL806527, CHEMBL58478
CHEMBL1862, P00519, Tyrosine-protein kinase ABL, CC(=O)N[C@@H](Cc1ccc(C(F)(F)P(=O)(O)O)cc1)C(=O)N[C@@H](CCC(=O)O)C(=O)N(C)CCCC1CCCCC1, 2100.0, CHEMBL762575, CHEMBL58478
CHEMBL1862, P00519, Tyrosine-protein kinase ABL, CC[C@H](NC(=O)[C@H](Cc1ccc(C(F)(F)P(=O)(O)O)cc1)NC(C)=O)C(=O)N(C)CCCC1CCCCC1, 1600.0, CHEMBL806527, CHEMBL298813
CHEMBL1862, P00519, Tyrosine-protein kinase ABL, CC[C@H](NC(=O)[C@H](Cc1ccc(C(F)(F)P(=O)(O)O)cc1)NC(C)=O)C(=O)N(C)CCCC1CCCCC1, 4000.0, CHEMBL762575, CHEMBL298813
CHEMBL1862, P00519, Tyrosine-protein kinase ABL, CC(=O)N[C@@H](Cc1ccc(OP(=O)(O)O)cc1)C(=O)N[C@@H](CCC(=O)O)C(=O)N[C@@H](CCC1CCCCC1)C(N)=O, 4900.0, CHEMBL806527, CHEMBL293803
CHEMBL1862, P00519, Tyrosine-protein kinase ABL, CC(=O)N[C@@H](Cc1ccc(OP(=O)(O)O)cc1)C(=O)N[C@@H](CCC(=O)O)C(=O)N[C@@H](CCC1CCCCC1)C(N)=O, 7000.0, CHEMBL762575, CHEMBL293803
CHEMBL1862, P00519, Tyrosine-protein kinase ABL, CC(=O)N[C@@H](Cc1ccc(C(F)(F)P(=O)(O)O)cc1)C(=O)N[C@@H](CCC(=O)O)C(=O)N[C@@H](CCC1CCCCC1)C(N)=O, 1200.0, CHEMBL806527, CHEMBL294692
CHEMBL1862, P00519, Tyrosine-protein kinase ABL, CC(=O)N[C@@H](Cc1ccc(C(F)(F)P(=O)(O)O)cc1)C(=O)N[C@@H](CCC(=O)O)C(=O)N[C@@H](CCC1CCCCC1)C(N)=O, 1400.0, CHEMBL762575, CHEMBL294692
CHEMBL1862, P00519, Tyrosine-protein kinase ABL, CC[C@H](C)[C@H](NC(=O)[C@H](CCC(=O)O)NC(=O)[C@H](CCC(=O)O)NC(=O)[C@H](Cc1ccc(C(F)(F)P(=O)(O)O)cc1)NC(C)=O)C(=O)N[C@@H](CCC(=O)O)C(=O)O, 1200.0, CHEMBL806527, CHEMBL294420
CHEMBL1862, P00519, Tyrosine-protein kinase ABL, CC[C@H](C)[C@H](NC(=O)[C@H](CCC(=O)O)NC(=O)[C@H](CCC(=O)O)NC(=O)[C@H](Cc1ccc(C(F)(F)P(=O)(O)O)cc1)NC(C)=O)C(=O)N[C@@H](CCC(=O)O)C(=O)O, 5200.0, CHEMBL762575, CHEMBL294420
CHEMBL1862, P00519, Tyrosine-protein kinase ABL, CC[C@H](C)[C@H](NC(=O)[C@H](CCC(=O)O)NC(=O)[C@H](CCC(=O)O)NC(=O)[C@H](Cc1ccc(OP(=O)(O)O)cc1)NC(C)=O)C(=O)N[C@@H](CCC(=O)O)C(=O)O, 7900.0, CHEMBL806527, CHEMBL299477
CHEMBL1862, P00519, Tyrosine-protein kinase ABL, CC[C@H](C)[C@H](NC(=O)[C@H](CCC(=O)O)NC(=O)[C@H](CCC(=O)O)NC(=O)[C@H](Cc1ccc(OP(=O)(O)O)cc1)NC(C)=O)C(=O)N[C@@H](CCC(=O)O)C(=O)O, 15000.0, CHEMBL762575, CHEMBL299477
CHEMBL1862, P00519, Tyrosine-protein kinase ABL, CC(=O)N[C@@H](Cc1ccc(P(=O)(O)O)cc1)C(=O)N[C@@H](CCC(=O)O)C(=O)N(C)CCCC1CCCCC1, 14000.0, CHEMBL806527, CHEMBL57393
CHEMBL1862, P00519, Tyrosine-protein kinase ABL, CC(=O)N[C@@H](Cc1ccc(P(=O)(O)O)cc1)C(=O)N[C@@H](CCC(=O)O)C(=O)N(C)CCCC1CCCCC1, None, CHEMBL762576, CHEMBL57393
CHEMBL1862, P00519, Tyrosine-protein kinase ABL, CC[C@H](NC(=O)[C@H](Cc1ccc(P(=O)(O)O)cc1)NC(C)=O)C(=O)N(C)CCCC1CCCCC1, 22000.0, CHEMBL806527, CHEMBL58421
CHEMBL1862, P00519, Tyrosine-protein kinase ABL, CC[C@H](NC(=O)[C@H](Cc1ccc(P(=O)(O)O)cc1)NC(C)=O)C(=O)N(C)CCCC1CCCCC1, 17000.0, CHEMBL762575, CHEMBL58421
CHEMBL1862, P00519, Tyrosine-protein kinase ABL, CC[C@H](C)[C@H](NC(=O)[C@H](CCC(=O)O)NC(=O)[C@H](CCC(=O)O)NC(=O)[C@H](Cc1ccc(P(=O)(O)O)cc1)NC(C)=O)C(=O)N[C@@H](CCC(=O)O)C(=O)O, 22000.0, CHEMBL806527, CHEMBL56697
CHEMBL1862, P00519, Tyrosine-protein kinase ABL, CC[C@H](C)[C@H](NC(=O)[C@H](CCC(=O)O)NC(=O)[C@H](CCC(=O)O)NC(=O)[C@H](Cc1ccc(P(=O)(O)O)cc1)NC(C)=O)C(=O)N[C@@H](CCC(=O)O)C(=O)O, None, CHEMBL762576, CHEMBL56697
CHEMBL1862, P00519, Tyrosine-protein kinase ABL, CC[C@H](C)[C@H](NC(=O)[C@H](CCC(=O)O)NC(=O)[C@H](CCC(=O)O)NC(=O)[C@@H](Cc1ccc(OP(=O)(O)O)cc1)NC(C)=O)C(=O)N[C@@H](CCC(=O)O)C(=O)O, 15300.0, CHEMBL762579, CHEMBL328907
CHEMBL1862, P00519, Tyrosine-protein kinase ABL, CC[C@H](C)[C@H](NC(=O)[C@H](CCC(=O)O)NC(=O)[C@H](CCC(=O)O)NC(=O)C(Cc1ccc(OP(=O)(O)O)cc1)c1ccccc1)C(=O)N[C@@H](CCC(=O)O)C(=O)O, 100000.0, CHEMBL762579, CHEMBL2092743
CHEMBL1862, P00519, Tyrosine-protein kinase ABL, CN(C)CC(CNNC(N)=O)C(=O)c1ccc(OCc2ccccc2)cc1.Cl, 100000.0, CHEMBL847372, CHEMBL541307
CHEMBL1862, P00519, Tyrosine-protein kinase ABL, COC(=O)c1ccccc1SCC(CN(C)C)C(=O)c1ccc(OCc2ccccc2)cc1.Cl, 100000.0, CHEMBL847372, CHEMBL538757
CHEMBL1862, P00519, Tyrosine-protein kinase ABL, Cc1ccc(SCC(CN(C)C)C(=O)c2ccc(OCc3ccccc3)cc2)cc1C.Cl, 100000.0, CHEMBL847372, CHEMBL538507
CHEMBL1862, P00519, Tyrosine-protein kinase ABL, C=C(CN(C)C)C(=O)c1ccc(OCc2ccccc2)cc1.Cl, 100000.0, CHEMBL847372, CHEMBL552859
CHEMBL1862, P00519, Tyrosine-protein kinase ABL, C=C(CN1CCCCC1)C(=O)c1ccc(OCc2ccccc2)cc1.Cl, 100000.0, CHEMBL847372, CHEMBL544074
CHEMBL1862, P00519, Tyrosine-protein kinase ABL, Cl.O=C(CCN1CCCCC1)c1ccc(OCc2ccccc2)cc1, 100000.0, CHEMBL847372, CHEMBL545006
CHEMBL1862, P00519, Tyrosine-protein kinase ABL, CCOC(=O)C1CCN(CCC(=O)c2ccc(OCc3ccccc3)cc2)CC1.Cl, 100000.0, CHEMBL847372, CHEMBL542891
CHEMBL1862, P00519, Tyrosine-protein kinase ABL, C=C(CN1CCNCC1)C(=O)c1ccc(OCc2ccccc2)cc1.Cl, 100000.0, CHEMBL847372, CHEMBL544538
CHEMBL1862, P00519, Tyrosine-protein kinase ABL, C=C(CN(C)C)C(=O)c1ccc(OS(=O)(=O)c2ccc(C(=O)O)cc2)cc1, 50000.0, CHEMBL847372, CHEMBL80030
CHEMBL1862, P00519, Tyrosine-protein kinase ABL, O=c1c(-c2ccc(O)cc2)coc2cc(O)cc(O)c12, 10000.0, CHEMBL847372, CHEMBL44
CHEMBL1862, P00519, Tyrosine-protein kinase ABL, CN(C)CC(CSCCN)C(=O)c1ccc(OCc2ccccc2)cc1.Cl, 50000.0, CHEMBL847372, CHEMBL543361
CHEMBL1852, P0A8V2, DNA-directed RNA polymerase beta chain, O=C(O)c1ccc2c(c1)nc(-c1cccs1)n2C1CCCCC1, 500000.0, CHEMBL768022, CHEMBL174629
CHEMBL1852, P0A8V2, DNA-directed RNA polymerase beta chain, O=C(O)c1ccc2c(c1)nc(-c1ccncc1)n2C1CCCCC1, 500000.0, CHEMBL768022, CHEMBL174836
CHEMBL1852, P0A8V2, DNA-directed RNA polymerase beta chain, O=C(O)c1ccc2c(c1)nc(-c1ccco1)n2C1CCCCC1, 500000.0, CHEMBL768022, CHEMBL362058
CHEMBL1852, P0A8V2, DNA-directed RNA polymerase beta chain, O=C(O)c1ccc2c(c1)nc(-c1ncc[nH]1)n2C1CCCCC1, 500000.0, CHEMBL768022, CHEMBL426227
CHEMBL1852, P0A8V2, DNA-directed RNA polymerase beta chain, O=C(O)c1ccc2c(c1)nc(-c1ccoc1)n2C1CCCCC1, 500000.0, CHEMBL768022, CHEMBL175177
CHEMBL1852, P0A8V2, DNA-directed RNA polymerase beta chain, Cn1cccc1-c1nc2cc(C(=O)O)ccc2n1C1CCCCC1, 500000.0, CHEMBL768022, CHEMBL368168
CHEMBL1852, P0A8V2, DNA-directed RNA polymerase beta chain, O=C(O)c1ccc2c(c1)nc(-c1ccccn1)n2C1CCCCC1, 500000.0, CHEMBL768022, CHEMBL174683
CHEMBL1852, P0A8V2, DNA-directed RNA polymerase beta chain, O=C(O)c1ccc2c(c1)nc(-c1ccc[nH]1)n2C1CCCCC1, 500000.0, CHEMBL768022, CHEMBL176662
CHEMBL1852, P0A8V2, DNA-directed RNA polymerase beta chain, O=C(O)c1ccc2c(c1)nc(-c1ccccc1)n2C1CCCCC1, 500000.0, CHEMBL768022, CHEMBL361434
CHEMBL1852, P0A8V2, DNA-directed RNA polymerase beta chain, O=C(O)c1ccc2c(c1)nc(-c1ccsc1)n2C1CCCCC1, 500000.0, CHEMBL768022, CHEMBL174564
CHEMBL1852, P0A8V2, DNA-directed RNA polymerase beta chain, O=C(O)c1ccc2c(c1)nc(-c1nccs1)n2C1CCCCC1, 500000.0, CHEMBL768022, CHEMBL434136
CHEMBL1852, P0A8V2, DNA-directed RNA polymerase beta chain, O=C(O)c1ccc2c(c1)nc(-c1cccnc1)n2C1CCCCC1, 500000.0, CHEMBL768022, CHEMBL174838
CHEMBL1852, P0A8V2, DNA-directed RNA polymerase beta chain, CCCc1cc(=O)oc2c3c(c4c(c12)OC(C)(C)C=C4)O[C@H](C)[C@@H](C)[C@@H]3O, None, CHEMBL771459, CHEMBL267447
CHEMBL1852, P0A8V2, DNA-directed RNA polymerase beta chain, CCCc1cc(=O)oc2c3c(c4c(c12)OC(C)(C)C=C4)O[C@@H](C)C(C)[C@@H]3O, None, CHEMBL771459, CHEMBL282382
CHEMBL1852, P0A8V2, DNA-directed RNA polymerase beta chain, CCCc1cc(=O)oc2c3c(c4c(c12)OC(C)(C)C=C4)O[C@@H](C)[C@H](C)[C@@H]3O, None, CHEMBL771459, CHEMBL7187
CHEMBL1852, P0A8V2, DNA-directed RNA polymerase beta chain, O=C(O)C(=O)Nc1ccc2[nH]cc(C[C@H](NC(=O)c3ccc4c(c3)nc(-c3ccoc3)n4C3CCCCC3)C(=O)O)c2c1, 250000.0, CHEMBL771457, CHEMBL173466
CHEMBL1852, P0A8V2, DNA-directed RNA polymerase beta chain, O=C(O)C(=O)Nc1ccc2[nH]cc(C[C@H](NC(=O)c3ccc4c(c3)nc(-c3ccoc3)n4C3CCCCC3)C(=O)O)c2c1, 250000.0, CHEMBL768020, CHEMBL173466
CHEMBL1852, P0A8V2, DNA-directed RNA polymerase beta chain, O=C(N[C@@H](Cc1c[nH]c2ccc(NS(=O)(=O)C(F)(F)F)cc12)C(=O)O)c1ccc2c(c1)nc(-c1ccoc1)n2C1CCCCC1, 250000.0, CHEMBL771457, CHEMBL368852
CHEMBL1852, P0A8V2, DNA-directed RNA polymerase beta chain, O=C(N[C@@H](Cc1c[nH]c2ccc(NS(=O)(=O)C(F)(F)F)cc12)C(=O)O)c1ccc2c(c1)nc(-c1ccoc1)n2C1CCCCC1, 250000.0, CHEMBL768020, CHEMBL368852
CHEMBL1852, P0A8V2, DNA-directed RNA polymerase beta chain, CC(C)(Oc1ccc2[nH]cc(C[C@H](NC(=O)c3ccc4c(c3)nc(-c3ccoc3)n4C3CCCCC3)C(=O)O)c2c1)C(=O)O, 200000.0, CHEMBL771457, CHEMBL369000
CHEMBL1852, P0A8V2, DNA-directed RNA polymerase beta chain, CC(C)(Oc1ccc2[nH]cc(C[C@H](NC(=O)c3ccc4c(c3)nc(-c3ccoc3)n4C3CCCCC3)C(=O)O)c2c1)C(=O)O, None, CHEMBL768021, CHEMBL369000
CHEMBL1852, P0A8V2, DNA-directed RNA polymerase beta chain, O=C(O)COc1ccc2[nH]cc(C[C@H](NC(=O)c3ccc4c(c3)nc(-c3ccoc3)n4C3CCCCC3)C(=O)O)c2c1, 100000.0, CHEMBL771457, CHEMBL366574
CHEMBL1852, P0A8V2, DNA-directed RNA polymerase beta chain, O=C(O)COc1ccc2[nH]cc(C[C@H](NC(=O)c3ccc4c(c3)nc(-c3ccoc3)n4C3CCCCC3)C(=O)O)c2c1, 200000.0, CHEMBL768020, CHEMBL366574
CHEMBL1852, P0A8V2, DNA-directed RNA polymerase beta chain, Nc1ccc2[nH]cc(C[C@H](NC(=O)c3ccc4c(c3)nc(-c3ccoc3)n4C3CCCCC3)C(=O)O)c2c1, 500000.0, CHEMBL771457, CHEMBL175002
CHEMBL1852, P0A8V2, DNA-directed RNA polymerase beta chain, Nc1ccc2[nH]cc(C[C@H](NC(=O)c3ccc4c(c3)nc(-c3ccoc3)n4C3CCCCC3)C(=O)O)c2c1, 250000.0, CHEMBL768020, CHEMBL175002
CHEMBL1852, P0A8V2, DNA-directed RNA polymerase beta chain, CC(=O)Nc1ccc2[nH]cc(C[C@H](NC(=O)c3ccc4c(c3)nc(-c3ccoc3)n4C3CCCCC3)C(=O)O)c2c1, 125000.0, CHEMBL771457, CHEMBL174670
CHEMBL1852, P0A8V2, DNA-directed RNA polymerase beta chain, CC(=O)Nc1ccc2[nH]cc(C[C@H](NC(=O)c3ccc4c(c3)nc(-c3ccoc3)n4C3CCCCC3)C(=O)O)c2c1, 250000.0, CHEMBL768020, CHEMBL174670
CHEMBL1852, P0A8V2, DNA-directed RNA polymerase beta chain, O=C(N[C@@H](Cc1c[nH]c2ccccc12)C(=O)O)c1ccc2c(c1)nc(-c1ccoc1)n2C1CCCCC1, 200000.0, CHEMBL771457, CHEMBL353549
CHEMBL1852, P0A8V2, DNA-directed RNA polymerase beta chain, O=C(N[C@@H](Cc1c[nH]c2ccccc12)C(=O)O)c1ccc2c(c1)nc(-c1ccoc1)n2C1CCCCC1, 316000.0, CHEMBL768020, CHEMBL353549
CHEMBL1852, P0A8V2, DNA-directed RNA polymerase beta chain, O=C(N[C@@H](Cc1c[nH]c2ccc(C3N=NN=N3)cc12)C(=O)O)c1ccc2c(c1)nc(-c1ccoc1)n2C1CCCCC1, 200000.0, CHEMBL771457, CHEMBL366575
CHEMBL1852, P0A8V2, DNA-directed RNA polymerase beta chain, O=C(N[C@@H](Cc1c[nH]c2ccc(C3N=NN=N3)cc12)C(=O)O)c1ccc2c(c1)nc(-c1ccoc1)n2C1CCCCC1, 250000.0, CHEMBL768020, CHEMBL366575
CHEMBL1852, P0A8V2, DNA-directed RNA polymerase beta chain, O=C(N[C@@H](Cc1c[nH]c2ccc(O)cc12)C(=O)O)c1ccc2c(c1)nc(-c1ccoc1)n2C1CCCCC1, 79000.0, CHEMBL771457, CHEMBL367225
CHEMBL1852, P0A8V2, DNA-directed RNA polymerase beta chain, O=C(N[C@@H](Cc1c[nH]c2ccc(O)cc12)C(=O)O)c1ccc2c(c1)nc(-c1ccoc1)n2C1CCCCC1, 200000.0, CHEMBL768020, CHEMBL367225
CHEMBL1852, P0A8V2, DNA-directed RNA polymerase beta chain, O=C(O)c1ccc2[nH]cc(C[C@H](NC(=O)c3ccc4c(c3)nc(-c3ccoc3)n4C3CCCCC3)C(=O)O)c2c1, 200000.0, CHEMBL771457, CHEMBL176905
CHEMBL1852, P0A8V2, DNA-directed RNA polymerase beta chain, O=C(O)c1ccc2[nH]cc(C[C@H](NC(=O)c3ccc4c(c3)nc(-c3ccoc3)n4C3CCCCC3)C(=O)O)c2c1, 250000.0, CHEMBL768020, CHEMBL176905
CHEMBL1852, P0A8V2, DNA-directed RNA polymerase beta chain, CS(=O)(=O)Nc1ccc2[nH]cc(C[C@H](NC(=O)c3ccc4c(c3)nc(-c3ccoc3)n4C3CCCCC3)C(=O)O)c2c1, 500000.0, CHEMBL771457, CHEMBL177073
CHEMBL1852, P0A8V2, DNA-directed RNA polymerase beta chain, CS(=O)(=O)Nc1ccc2[nH]cc(C[C@H](NC(=O)c3ccc4c(c3)nc(-c3ccoc3)n4C3CCCCC3)C(=O)O)c2c1, None, CHEMBL771456, CHEMBL177073
CHEMBL1852, P0A8V2, DNA-directed RNA polymerase beta chain, NC(=O)c1ccc2[nH]cc(C[C@H](NC(=O)c3ccc4c(c3)nc(-c3ccoc3)n4C3CCCCC3)C(=O)O)c2c1, 200000.0, CHEMBL771457, CHEMBL424769
CHEMBL1852, P0A8V2, DNA-directed RNA polymerase beta chain, NC(=O)c1ccc2[nH]cc(C[C@H](NC(=O)c3ccc4c(c3)nc(-c3ccoc3)n4C3CCCCC3)C(=O)O)c2c1, 250000.0, CHEMBL768020, CHEMBL424769
CHEMBL1852, P0A8V2, DNA-directed RNA polymerase beta chain, CCCC/C=C/C=C(\C)C(=O)c1c(O)cc(C(C)CC/C=C/NC(=O)OC)oc1=O, 1040.0, CHEMBL832977, CHEMBL185900
CHEMBL205, P00918, Carbonic anhydrase II, CC(C)CN(C)Cc1cc(C(=O)c2csc(S(N)(=O)=O)c2)ccc1O.Cl, 9.0, CHEMBL656569, CHEMBL544127
CHEMBL205, P00918, Carbonic anhydrase II, COc1ccc(C(=O)c2coc(S(N)(=O)=O)c2)cc1, 2.0, CHEMBL656569, CHEMBL340519
CHEMBL205, P00918, Carbonic anhydrase II, CN(C)Cc1cc(C(=O)c2csc(S(N)(=O)=O)c2)ccc1O.Cl, 6.4, CHEMBL656569, CHEMBL541089
CHEMBL205, P00918, Carbonic anhydrase II, Cl.NS(=O)(=O)c1cc(S(=O)(=O)c2ccc(CN3CCOCC3)cc2)cs1, 7.6, CHEMBL656569, CHEMBL555153
CHEMBL205, P00918, Carbonic anhydrase II, CC(C)CN(C)Cc1cc(S(=O)(=O)c2csc(S(N)(=O)=O)c2)ccc1O.Cl, 5.0, CHEMBL656569, CHEMBL539817
CHEMBL205, P00918, Carbonic anhydrase II, CC(C)CCNCc1cccc(C(=O)c2csc(S(N)(=O)=O)c2)c1.Cl, 9.0, CHEMBL656569, CHEMBL544355
CHEMBL205, P00918, Carbonic anhydrase II, CN1CCN(Cc2ccc(S(=O)(=O)c3csc(S(N)(=O)=O)c3)cc2)CC1.Cl, 11.0, CHEMBL656569, CHEMBL554875
CHEMBL205, P00918, Carbonic anhydrase II, CN1CCN(Cc2ccccc2S(=O)(=O)c2csc(S(N)(=O)=O)c2)CC1.Cl, 23.0, CHEMBL656569, CHEMBL559014
CHEMBL205, P00918, Carbonic anhydrase II, CN(C)Cc1cc(S(=O)(=O)c2coc(S(N)(=O)=O)c2)ccc1O.Cl, 7.0, CHEMBL656569, CHEMBL553909
CHEMBL205, P00918, Carbonic anhydrase II, CCN(CC)Cc1cc(S(=O)(=O)c2csc(S(N)(=O)=O)c2)ccc1O.Cl, 9.0, CHEMBL656569, CHEMBL545057
CHEMBL205, P00918, Carbonic anhydrase II, Cc1ccc(S(=O)(=O)c2coc(S(N)(=O)=O)c2)cc1, 4.2, CHEMBL656569, CHEMBL123923
CHEMBL205, P00918, Carbonic anhydrase II, CC(C)CNCc1ccc(C(=O)c2csc(S(N)(=O)=O)c2)cc1.Cl, 4.8, CHEMBL656569, CHEMBL544827
CHEMBL205, P00918, Carbonic anhydrase II, CNCc1ccc(C(=O)c2csc(S(N)(=O)=O)c2)cc1.Cl, 4.5, CHEMBL656569, CHEMBL540329
CHEMBL205, P00918, Carbonic anhydrase II, CCCCNCc1ccc(C(=O)c2csc(S(N)(=O)=O)c2)cc1.Cl, 12.0, CHEMBL656569, CHEMBL541087
CHEMBL205, P00918, Carbonic anhydrase II, NS(=O)(=O)c1cc(S(=O)(=O)c2cccc(O)c2)cs1, 2.1, CHEMBL656569, CHEMBL127817
CHEMBL205, P00918, Carbonic anhydrase II, CN1CCN(Cc2ccc(C(=O)c3csc(S(N)(=O)=O)c3)cc2)CC1.Cl, 4.0, CHEMBL656569, CHEMBL541341
CHEMBL205, P00918, Carbonic anhydrase II, CC(C)CNCc1ccc(S(=O)(=O)c2csc(S(N)(=O)=O)c2)cc1O.Cl, 14.0, CHEMBL656569, CHEMBL555312
CHEMBL205, P00918, Carbonic anhydrase II, CC(C)CNCc1cccc(C(=O)c2csc(S(N)(=O)=O)c2)c1.Cl, 13.0, CHEMBL656569, CHEMBL555186
CHEMBL205, P00918, Carbonic anhydrase II, COc1ccc(S(=O)(=O)c2csc(S(N)(=O)=O)c2)cc1, 45.0, CHEMBL656569, CHEMBL262726
CHEMBL205, P00918, Carbonic anhydrase II, Cl.NS(=O)(=O)c1cc(S(=O)(=O)c2ccccc2CNCc2ccccn2)cs1, 15.0, CHEMBL656569, CHEMBL557231
CHEMBL205, P00918, Carbonic anhydrase II, NS(=O)(=O)c1cc(S(=O)(=O)c2ccc(O)cc2)co1, 4.2, CHEMBL656569, CHEMBL333747
CHEMBL205, P00918, Carbonic anhydrase II, NS(=O)(=O)c1cc(S(=O)(=O)c2ccc(O)cc2)cs1, 5.0, CHEMBL656569, CHEMBL341530
CHEMBL205, P00918, Carbonic anhydrase II, CCCCNCc1ccc(S(=O)(=O)c2csc(S(N)(=O)=O)c2)cc1.Cl, 29.0, CHEMBL656569, CHEMBL539558
CHEMBL205, P00918, Carbonic anhydrase II, CCN(CC)Cc1cc(S(=O)(=O)c2coc(S(N)(=O)=O)c2)ccc1O.Cl, 10.0, CHEMBL656569, CHEMBL538536
CHEMBL205, P00918, Carbonic anhydrase II, Cl.NS(=O)(=O)c1cc(C(=O)c2cccc(CN3CCOCC3)c2)cs1, 5.0, CHEMBL656569, CHEMBL555355
CHEMBL205, P00918, Carbonic anhydrase II, CC(C)CNCc1ccc(S(=O)(=O)c2csc(S(N)(=O)=O)c2)cc1.Cl, 13.0, CHEMBL656569, CHEMBL543415
CHEMBL205, P00918, Carbonic anhydrase II, CC(C)(C)NCc1ccc(S(=O)(=O)c2csc(S(N)(=O)=O)c2)cc1.Cl, 36.0, CHEMBL656569, CHEMBL541597
CHEMBL205, P00918, Carbonic anhydrase II, Cl.NS(=O)(=O)c1cc(C(=O)c2ccc(CN3CCOCC3)cc2)cs1, 3.7, CHEMBL656569, CHEMBL545756
CHEMBL205, P00918, Carbonic anhydrase II, CC(C)CNCc1cccc(S(=O)(=O)c2csc(S(N)(=O)=O)c2)c1.Cl, 12.0, CHEMBL656569, CHEMBL541856
CHEMBL205, P00918, Carbonic anhydrase II, Cl.NS(=O)(=O)c1cc(C(=O)c2ccc(CNCc3ccccc3)cc2)cs1, 2.4, CHEMBL656569, CHEMBL540835
CHEMBL205, P00918, Carbonic anhydrase II, CCN(CC)Cc1cc(C(=O)c2csc(S(N)(=O)=O)c2)ccc1O.Cl, 7.0, CHEMBL656569, CHEMBL542219
CHEMBL205, P00918, Carbonic anhydrase II, CN(C)Cc1cc(S(=O)(=O)c2csc(S(N)(=O)=O)c2)ccc1O.Cl, 9.0, CHEMBL656569, CHEMBL541080
CHEMBL205, P00918, Carbonic anhydrase II, COc1ccc(S(=O)(=O)c2coc(S(N)(=O)=O)c2)cc1, 2.5, CHEMBL656569, CHEMBL123979
CHEMBL205, P00918, Carbonic anhydrase II, NS(=O)(=O)c1cc(C(=O)c2ccc(O)cc2)cs1, 2.5, CHEMBL656569, CHEMBL125102
CHEMBL205, P00918, Carbonic anhydrase II, Cc1ccc(C(=O)c2csc(S(N)(=O)=O)c2)cc1, 2.0, CHEMBL656569, CHEMBL341037
CHEMBL205, P00918, Carbonic anhydrase II, CC(C)CNCc1ccccc1S(=O)(=O)c1csc(S(N)(=O)=O)c1.Cl, 18.0, CHEMBL656569, CHEMBL555588
CHEMBL205, P00918, Carbonic anhydrase II, CCN(CC)Cc1ccc(S(=O)(=O)c2csc(S(N)(=O)=O)c2)cc1O.Cl, 16.0, CHEMBL656569, CHEMBL545527
CHEMBL205, P00918, Carbonic anhydrase II, COc1ccc(C(=O)c2csc(S(N)(=O)=O)c2)cc1, 3.2, CHEMBL656569, CHEMBL413114
CHEMBL205, P00918, Carbonic anhydrase II, Cc1ccc(S(=O)(=O)c2csc(S(N)(=O)=O)c2)cc1, 3.2, CHEMBL656569, CHEMBL333588
CHEMBL205, P00918, Carbonic anhydrase II, CCC(C)NCc1cccc(S(=O)(=O)c2csc(S(N)(=O)=O)c2)c1.Cl, 26.0, CHEMBL656569, CHEMBL544826
CHEMBL205, P00918, Carbonic anhydrase II, Cl.NS(=O)(=O)c1cc(S(=O)(=O)c2ccc(CNCc3ccccn3)cc2)cs1, 8.0, CHEMBL656569, CHEMBL544129
CHEMBL205, P00918, Carbonic anhydrase II, CC(C)NCc1cccc(S(=O)(=O)c2csc(S(N)(=O)=O)c2)c1.Cl, 22.0, CHEMBL656569, CHEMBL554012
CHEMBL205, P00918, Carbonic anhydrase II, CC1=NN(c2ccc(S(N)(=O)=O)cc2)C(=O)C1, 2041737944669523.2, CHEMBL658951, CHEMBL120268
CHEMBL205, P00918, Carbonic anhydrase II, O=C(CN1CN=C(Cl)C1Cl)NO, 10000000000.0, CHEMBL658951, CHEMBL331329
CHEMBL205, P00918, Carbonic anhydrase II, COCCNCc1cc2cc(S(N)(=O)=O)sc2s1.Cl, 5.0, CHEMBL656579, CHEMBL544030
CHEMBL205, P00918, Carbonic anhydrase II, COCCN(CCOC)Cc1cc2cc(S(N)(=O)=O)sc2s1.Cl, 4.2, CHEMBL656579, CHEMBL554425
CHEMBL205, P00918, Carbonic anhydrase II, CC(C)CNCc1cc2sc(S(N)(=O)=O)cc2s1.Cl, 2.8, CHEMBL656579, CHEMBL543792
CHEMBL205, P00918, Carbonic anhydrase II, NS(=O)(=O)c1ccc(SCCCCO)c(F)c1, 1.5, CHEMBL657920, CHEMBL104754
CHEMBL205, P00918, Carbonic anhydrase II, CN(C)Cc1cc(S(=O)(=O)c2ccc(S(N)(=O)=O)s2)ccc1O, 0.7, CHEMBL657920, CHEMBL69114
CHEMBL205, P00918, Carbonic anhydrase II, O=C(CS(=O)(=O)c1ccc(Cl)cc1)NO, 10000000000.0, CHEMBL658951, CHEMBL119662
CHEMBL205, P00918, Carbonic anhydrase II, Cl.NS(=O)(=O)c1cc2cc(CN3CCOCC3)sc2s1, 3.0, CHEMBL656579, CHEMBL540026
CHEMBL205, P00918, Carbonic anhydrase II, COCCOCCNC(C)c1cc2cc(S(N)(=O)=O)sc2s1.Cl, 0.7, CHEMBL842026, CHEMBL553832
CHEMBL205, P00918, Carbonic anhydrase II, CNCc1cc2cc(S(N)(=O)=O)sc2s1.Cl, 3.0, CHEMBL656579, CHEMBL555385
CHEMBL205, P00918, Carbonic anhydrase II, CC(=O)Nc1nnc(S(N)(=O)=O)s1, 3.4, CHEMBL657921, CHEMBL20
CHEMBL205, P00918, Carbonic anhydrase II, Cn1sc(=O)c2cc(S(N)(=O)=O)ccc21, 4073802778041122.0, CHEMBL658951, CHEMBL334167
CHEMBL205, P00918, Carbonic anhydrase II, Cl.NS(=O)(=O)c1cc2cc(CN(CCO)CCO)sc2s1, 2.27, CHEMBL656579, CHEMBL554042
CHEMBL205, P00918, Carbonic anhydrase II, CNCc1cc2sc(S(N)(=O)=O)cc2s1.Cl, 3.2, CHEMBL656579, CHEMBL552892
CHEMBL205, P00918, Carbonic anhydrase II, Cl.NS(=O)(=O)c1cc2cc(CNCCO)sc2s1, 6.3, CHEMBL656579, CHEMBL552890
CHEMBL205, P00918, Carbonic anhydrase II, NS(=O)(=O)c1cc(Cl)c(Cl)c(S(N)(=O)=O)c1, 40.0, CHEMBL657920, CHEMBL17
CHEMBL205, P00918, Carbonic anhydrase II, COCCOCCCNCc1cc2cc(S(N)(=O)=O)sc2s1.Cl, 6.5, CHEMBL656579, CHEMBL543798
CHEMBL205, P00918, Carbonic anhydrase II, NS(=O)(=O)c1ccc(S(=O)(=O)CCCCO)s1, 2.3, CHEMBL657920, CHEMBL104621
CHEMBL205, P00918, Carbonic anhydrase II, Cl.NS(=O)(=O)c1cc2cc(CNC(CO)CO)sc2s1, 8.4, CHEMBL656579, CHEMBL543561
CHEMBL205, P00918, Carbonic anhydrase II, COCCNCc1cc2sc(S(N)(=O)=O)cc2s1.Cl, 2.8, CHEMBL656579, CHEMBL556132
CHEMBL205, P00918, Carbonic anhydrase II, NS(=O)(=O)c1cc2cc(C(=O)NCC(O)CO)sc2s1, 3.2, CHEMBL656579, CHEMBL51975
CHEMBL205, P00918, Carbonic anhydrase II, CC(C)(C)C(=O)Oc1ccc2sc(S(N)(=O)=O)cc2c1, 2.6, CHEMBL657920, CHEMBL121137
CHEMBL205, P00918, Carbonic anhydrase II, CC(C)CNCc1cc2cc(S(N)(=O)=O)sc2s1.Cl, 2.5, CHEMBL656579, CHEMBL538245
CHEMBL205, P00918, Carbonic anhydrase II, O=C(NO)C(F)(F)F, 3800.0, CHEMBL657920, CHEMBL331715
CHEMBL205, P00918, Carbonic anhydrase II, NS(=O)(=O)c1ccc(Sc2cccs2)s1, 1122018454301965300, CHEMBL658951, CHEMBL120070
CHEMBL205, P00918, Carbonic anhydrase II, CCOC(=O)C(C)Oc1ccc(S(N)(=O)=O)cc1, 5370317963702533.0, CHEMBL658951, CHEMBL120002
CHEMBL205, P00918, Carbonic anhydrase II, COCCOCCN(CCOC)C(C)c1cc2cc(S(N)(=O)=O)sc2s1.Cl, 0.5, CHEMBL656579, CHEMBL543319
CHEMBL205, P00918, Carbonic anhydrase II, NS(=O)(=O)c1cc2cc(CN3CCOCC3)sc2o1, 5.6, CHEMBL657920, CHEMBL105080
CHEMBL205, P00918, Carbonic anhydrase II, NS(=O)(=O)c1ccc(-c2ccccn2)s1, 8511380382023759.0, CHEMBL658951, CHEMBL332559
CHEMBL205, P00918, Carbonic anhydrase II, COCCCNCc1cc2cc(S(N)(=O)=O)sc2s1.Cl, 4.9, CHEMBL656579, CHEMBL542372
CHEMBL205, P00918, Carbonic anhydrase II, Cl.NS(=O)(=O)c1cc2cc(CN3CCSCC3)sc2s1, 2.6, CHEMBL656579, CHEMBL555543
CHEMBL205, P00918, Carbonic anhydrase II, Cl.NS(=O)(=O)c1cc2cc(C(=O)NCCN3CCSCC3)sc2s1, 2.9, CHEMBL656579, CHEMBL544731
CHEMBL205, P00918, Carbonic anhydrase II, CC(C=O)N(Cc1cc2cc(S(N)(=O)=O)sc2s1)C(C)C=O.Cl, 2.71, CHEMBL656578, CHEMBL542122
CHEMBL205, P00918, Carbonic anhydrase II, COCCN(CCOC)Cc1cc2sc(S(N)(=O)=O)cc2s1.Cl, 2.5, CHEMBL656579, CHEMBL544738
CHEMBL205, P00918, Carbonic anhydrase II, Cl.NS(=O)(=O)c1cc2cc(C(=O)NCCN3CCOCC3)sc2s1, 2.9, CHEMBL656579, CHEMBL545431
CHEMBL205, P00918, Carbonic anhydrase II, NC(=O)Nc1ccc(S(=O)(=O)Nc2ccc(S(N)(=O)=O)cc2)cc1, 7.0, CHEMBL657920, CHEMBL120304
CHEMBL205, P00918, Carbonic anhydrase II, CCN[C@H]1C[C@H](C)S(=O)(=O)c2sc(S(N)(=O)=O)cc21, 0.18, CHEMBL657920, CHEMBL218490
CHEMBL1950, P01008, Antithrombin-III, N=C(N)c1ccc(C[C@@H](NC(=O)CNS(=O)(=O)c2ccc3ccccc3c2)C(=O)N2CCCCC2)cc1, 570.0, CHEMBL652033, CHEMBL51173
CHEMBL1950, P01008, Antithrombin-III, CCN(CCN(CC)S(=O)(=O)c1ccc(OC)c(OC)c1)S(=O)(=O)c1ccc(OC)c(OC)c1, 300000.0, CHEMBL1072392, CHEMBL599342
CHEMBL1950, P01008, Antithrombin-III, O=S(=O)(NCCCCNS(=O)(=O)c1ccc(O)c(O)c1)c1ccc(O)c(O)c1, 3000000.0, CHEMBL1072392, CHEMBL611992
CHEMBL1950, P01008, Antithrombin-III, O=S(=O)(NCCCCCCNS(=O)(=O)c1ccc(O)c(O)c1)c1ccc(O)c(O)c1, 3000000.0, CHEMBL1072392, CHEMBL599769
CHEMBL1950, P01008, Antithrombin-III, O=S(=O)(c1ccc(O)c(O)c1)N1CCN(S(=O)(=O)c2ccc(O)c(O)c2)CC1, 300000.0, CHEMBL1072392, CHEMBL597509
CHEMBL1950, P01008, Antithrombin-III, CCN(CCN(CC)S(=O)(=O)c1cccc(O)c1)S(=O)(=O)c1cccc(O)c1, 1000000.0, CHEMBL1072392, CHEMBL597510
CHEMBL1950, P01008, Antithrombin-III, CCN(CCN(CC)S(=O)(=O)c1ccc(O)cc1)S(=O)(=O)c1ccc(O)cc1, 300000.0, CHEMBL1072392, CHEMBL596859
CHEMBL1950, P01008, Antithrombin-III, CCN(CCN(CC)S(=O)(=O)c1cc(O)ccc1O)S(=O)(=O)c1cc(O)ccc1O, 300000.0, CHEMBL1072392, CHEMBL596860
CHEMBL1950, P01008, Antithrombin-III, CCN(CCN(CC)S(=O)(=O)c1ccccc1)S(=O)(=O)c1ccccc1, 300000.0, CHEMBL1072392, CHEMBL611972
CHEMBL1950, P01008, Antithrombin-III, CCN(CCN(CC)S(=O)(=O)c1cc(F)c(O)c(F)c1)S(=O)(=O)c1cc(F)c(O)c(F)c1, 3000000.0, CHEMBL1072392, CHEMBL596861
CHEMBL1950, P01008, Antithrombin-III, CCCN(S(=O)(=O)c1ccc(O)c(O)c1)S(=O)(=O)c1ccc(O)c(O)c1, 1000000.0, CHEMBL1072392, CHEMBL597478
CHEMBL1950, P01008, Antithrombin-III, O=S(=O)(c1ccc(O)c(O)c1)N(Cc1ccccc1)S(=O)(=O)c1ccc(O)c(O)c1, 300000.0, CHEMBL1072392, CHEMBL596880
CHEMBL1950, P01008, Antithrombin-III, O=S(=O)(c1ccc(O)c(O)c1)N(C1CCCCC1)S(=O)(=O)c1ccc(O)c(O)c1, 300000.0, CHEMBL1072392, CHEMBL601265
CHEMBL1950, P01008, Antithrombin-III, O=S(=O)(NCCNS(=O)(=O)c1ccc(O)c(O)c1)c1ccc(O)c(O)c1, 3000000.0, CHEMBL1072392, CHEMBL606451
CHEMBL1950, P01008, Antithrombin-III, CCN(CCN(CC)S(=O)(=O)c1ccc(O)c(O)c1)S(=O)(=O)c1ccc(O)c(O)c1, 1000000.0, CHEMBL1072392, CHEMBL599742
CHEMBL1950, P01008, Antithrombin-III, CCCCCCN(S(=O)(=O)c1ccc(O)c(O)c1)S(=O)(=O)c1ccc(O)c(O)c1, 300000.0, CHEMBL1072392, CHEMBL596879
CHEMBL2051, P03468, Neuraminidase, CC(=O)N[C@@H]([C@H](O)[C@H](O)CO)[C@H]1OC(O)(C(=O)O)C[C@@H]1O, 40000.0, CHEMBL882330, CHEMBL115522
CHEMBL2051, P03468, Neuraminidase, CCCCC(NC(C)=O)[C@@H]1CC(C(=O)O)C[C@H]1N=C(N)N, 100.0, CHEMBL882330, CHEMBL119140
CHEMBL2051, P03468, Neuraminidase, CC(=O)N[C@@H]1[C@@H](O)C=C(C(=O)O)O[C@H]1[C@H](O)[C@H](O)CO, 10000.0, CHEMBL882330, CHEMBL96712
CHEMBL2051, P03468, Neuraminidase, CCC(CC)[C@H](NC(C)=O)[C@@H]1[C@H](O)[C@@H](C(=O)O)C[C@H]1NC(=N)N, 1.4, CHEMBL882330, CHEMBL139367
CHEMBL2051, P03468, Neuraminidase, CC(=O)N[C@@H]1[C@@H](NC(=N)N)C=C(C(=O)O)O[C@H]1[C@H](O)[C@H](O)CO, 2.0, CHEMBL808314, CHEMBL222813
CHEMBL2051, P03468, Neuraminidase, CC(=O)N[C@@H]1[C@@H](NC(=O)OC(C)(C)C)C=C(C(=O)OC(c2ccccc2)c2ccccc2)O[C@H]1c1n[nH]c(Cc2ccccc2)n1, 87000.0, CHEMBL808314, CHEMBL305240
CHEMBL2051, P03468, Neuraminidase, CC(=O)N[C@@H]1[C@@H](N)C=C(C(=O)O)O[C@H]1c1nc(C)no1, 23000.0, CHEMBL808314, CHEMBL303175
CHEMBL2051, P03468, Neuraminidase, CCCn1nc([C@@H]2OC(C(=O)OC(c3ccccc3)c3ccccc3)=C[C@H](NC(=O)OC(C)(C)C)[C@H]2NC(C)=O)nc1Cc1ccccc1, 12000.0, CHEMBL808314, CHEMBL70627
CHEMBL2051, P03468, Neuraminidase, CCC(CC)O[C@@H]1C=C(C(=O)O)C[C@H](N)[C@H]1NC(C)=O, 2.2, CHEMBL882330, CHEMBL674
CHEMBL2051, P03468, Neuraminidase, CC(=O)N[C@@H]1[C@@H](N)C=C(C(=O)O)O[C@H]1c1nc(-c2ccccc2)no1, 14000.0, CHEMBL808314, CHEMBL308831
CHEMBL2051, P03468, Neuraminidase, CCCn1nc(Cc2ccccc2)nc1[C@@H]1OC(C(=O)OC(c2ccccc2)c2ccccc2)=C[C@H](NC(=O)OC(C)(C)C)[C@H]1NC(C)=O, 70.0, CHEMBL808314, CHEMBL302133
CHEMBL2051, P03468, Neuraminidase, CC(=O)N[C@@H]1[C@@H](N)C=C(C(=O)O)O[C@H]1c1nc(Cc2ccccc2)no1, 99000.0, CHEMBL808314, CHEMBL303919
CHEMBL2051, P03468, Neuraminidase, CCCN(CCc1ccccc1)C(=O)[C@@H]1OC(C(=O)O)=C[C@H](N)[C@H]1NC(C)=O, 2.0, CHEMBL808314, CHEMBL73669
CHEMBL2051, P03468, Neuraminidase, CC(=O)N[C@@H]1[C@@H](N)C=C(C(=O)O)O[C@H]1C(=O)NCCc1ccccc1, 12000.0, CHEMBL808314, CHEMBL71078
CHEMBL2051, P03468, Neuraminidase, CC(=O)N[C@@H]1[C@@H](NC(=N)N)C=C(C(=O)O)O[C@H]1[C@H](O)[C@H](O)CO, 2.3, CHEMBL882330, CHEMBL222813
CHEMBL2051, P03468, Neuraminidase, CCCCc1noc([C@@H]2OC(C(=O)O)=C[C@H](N)[C@H]2NC(C)=O)n1, 56000.0, CHEMBL808314, CHEMBL72024
CHEMBL2051, P03468, Neuraminidase, CC(=O)NC[C@H]1C[C@@H](C(=O)O)C[C@@H]1NC(=N)N, 115000.0, CHEMBL882330, CHEMBL118070
CHEMBL2051, P03468, Neuraminidase, CCCCc1nnc([C@@H]2OC(C(=O)O)=C[C@H](N)[C@H]2NC(C)=O)n1CCC, 330.0, CHEMBL808314, CHEMBL70936
CHEMBL2051, P03468, Neuraminidase, CCCO[C@@H]1C=C(C(=O)O)C[C@H](N)[C@H]1NS(C)(=O)=O, 25000.0, CHEMBL751101, CHEMBL52862
CHEMBL2051, P03468, Neuraminidase, CCC(CC)O[C@@H]1C=C(C(=O)O)C[C@H](N)[C@H]1NC(C)=O, 1.0, CHEMBL751101, CHEMBL674
CHEMBL2051, P03468, Neuraminidase, CCCO[C@@H]1C=C(C(=O)O)C[C@H](/N=C/N)[C@H]1NC(C)=O, 140.0, CHEMBL751101, CHEMBL53507
CHEMBL2051, P03468, Neuraminidase, CCCO[C@@H]1C=C(C(=O)O)C[C@H](N)[C@H]1NC(=O)CC, 1500.0, CHEMBL751101, CHEMBL53768
CHEMBL2051, P03468, Neuraminidase, CCCO[C@@H]1C=C(C(=O)O)C[C@H](N)[C@H]1NC(C)=O, 130.0, CHEMBL751101, CHEMBL54758
CHEMBL2051, P03468, Neuraminidase, CC(=O)N[C@@H]1[C@@H](N)CC(C(=O)O)=C[C@H]1OCCC(F)(F)F, 225.0, CHEMBL751101, CHEMBL53049
CHEMBL2051, P03468, Neuraminidase, C=CCO[C@@H]1C=C(C(=O)O)C[C@H](N)[C@H]1NC(C)=O, 2200.0, CHEMBL751101, CHEMBL53050
CHEMBL2051, P03468, Neuraminidase, COCO[C@@H]1C=C(C(=O)O)C[C@H](N)[C@H]1NC(C)=O, 2000.0, CHEMBL751101, CHEMBL54806
CHEMBL2051, P03468, Neuraminidase, CCCO[C@@H]1C=C(C(=O)O)C[C@H](N=C(N)N)[C@H]1NC(C)=O.O=C(O)C(F)(F)F, 1.8, CHEMBL751101, CHEMBL55921
CHEMBL2051, P03468, Neuraminidase, CC(=O)N[C@@H]1[C@@H](N)CC(C(=O)O)=C[C@H]1OC1CCCCC1, 60.0, CHEMBL751101, CHEMBL51955
CHEMBL2051, P03468, Neuraminidase, CC(=O)N[C@@H]1[C@@H](N)CC(C(=O)O)=C[C@H]1Oc1ccccc1, 530.0, CHEMBL751101, CHEMBL298659
CHEMBL2051, P03468, Neuraminidase, CCCO[C@@H]1C=C(C(=O)O)C[C@H](N)[C@H]1NC(=O)C(F)(F)F, 1400.0, CHEMBL751101, CHEMBL52195
CHEMBL2051, P03468, Neuraminidase, CCCO[C@@H]1C=C(C(=O)O)C[C@H](/N=C(\N)NC)[C@H]1NC(C)=O.O=C(O)C(F)(F)F, 4.6, CHEMBL751101, CHEMBL432329
CHEMBL2051, P03468, Neuraminidase, CC(=O)N[C@@H]1[C@@H](N)CC(C(=O)O)=C[C@H]1OC1CCCC1, 22.0, CHEMBL751101, CHEMBL54479
CHEMBL2051, P03468, Neuraminidase, CCC(CC)N[C@@H]1C=C(C(=O)O)C[C@H](N)[C@H]1NC(C)=O, 85.0, CHEMBL748875, CHEMBL320978
CHEMBL2051, P03468, Neuraminidase, CCC(CC)O[C@@H]1C=C(C(=O)O)C[C@H](N)[C@H]1NC(C)=O, 1.3, CHEMBL748875, CHEMBL674
CHEMBL2051, P03468, Neuraminidase, CC(=O)N[C@@H]1[C@@H](N)CC(C(=O)O)=C[C@H]1N, 31000.0, CHEMBL748875, CHEMBL115466
CHEMBL2051, P03468, Neuraminidase, CC(=O)N[C@@H]1[C@@H](N)CC(C(=O)O)=C[C@H]1NCCCc1ccccc1, 1640.0, CHEMBL748875, CHEMBL325456
CHEMBL2051, P03468, Neuraminidase, CC(=O)N[C@@H]1[C@@H](N)CC(C(=O)O)=C[C@H]1N1CCCCCCC1, 26.0, CHEMBL748876, CHEMBL22350
CHEMBL2051, P03468, Neuraminidase, CC(=O)N[C@@H]1[C@@H](N)CC(C(=O)O)=C[C@H]1N1CCCCCCCC1, 75.0, CHEMBL748876, CHEMBL423292
CHEMBL2051, P03468, Neuraminidase, CCC(CC)O[C@@H]1C=C(C(=O)O)C[C@H](N)[C@H]1NC(C)=O, 1.0, CHEMBL748876, CHEMBL674
CHEMBL2051, P03468, Neuraminidase, CCC1CCN([C@@H]2C=C(C(=O)O)C[C@H](N)[C@H]2NC(C)=O)CC1, 52.0, CHEMBL748876, CHEMBL25333
CHEMBL2051, P03468, Neuraminidase, CC(=O)N[C@@H]1[C@@H](N)CC(C(=O)O)=C[C@H]1N1C2CCCC1CC2, 32.0, CHEMBL748876, CHEMBL22808
CHEMBL2051, P03468, Neuraminidase, CC(=O)N[C@@H]1[C@@H](N)CC(C(=O)O)=C[C@H]1N1CCN(C)CC1, 1900.0, CHEMBL748876, CHEMBL282465
CHEMBL2051, P03468, Neuraminidase, CC(=O)N[C@@H]1[C@@H](N)CC(C(=O)O)=C[C@H]1N1CCCCC1, 25.0, CHEMBL748876, CHEMBL23009
CHEMBL2051, P03468, Neuraminidase, CC(=O)N[C@@H]1[C@@H](N)CC(C(=O)O)=C[C@H]1N1CCCCC[C@@H]1CO, 8.0, CHEMBL748876, CHEMBL25549
CHEMBL2051, P03468, Neuraminidase, CC(=O)N[C@@H]1[C@@H](N)CC(C(=O)O)=C[C@H]1N1CCCCCC1, 35.0, CHEMBL748876, CHEMBL278852
CHEMBL2051, P03468, Neuraminidase, CC(=O)N[C@@H]1[C@@H](N)CC(C(=O)O)=C[C@H]1N1CCC(C)CC1, 51.0, CHEMBL748876, CHEMBL25495
CHEMBL2051, P03468, Neuraminidase, CC(=O)N[C@@H]1[C@@H](N)CC(C(=O)O)=C[C@H]1N1CCCC1, 310.0, CHEMBL748876, CHEMBL280383
CHEMBL2051, P03468, Neuraminidase, CCC1(CC)CN([C@@H]2C=C(C(=O)O)C[C@H](N)[C@H]2NC(C)=O)C1, 265.0, CHEMBL748876, CHEMBL22349
CHEMBL2051, P03468, Neuraminidase, CC(=O)N[C@@H]1[C@@H](N)CC(C(=O)O)=C[C@H]1N1CCC1, 1000.0, CHEMBL748876, CHEMBL406252
CHEMBL2051, P03468, Neuraminidase, CC(=O)N[C@@H]1[C@@H](N)CC(C(=O)O)=C[C@H]1N1CCOCC1, 260.0, CHEMBL748876, CHEMBL22803
CHEMBL2051, P03468, Neuraminidase, CCCC1CCN([C@@H]2C=C(C(=O)O)C[C@H](N)[C@H]2NC(C)=O)CC1, 40.0, CHEMBL748876, CHEMBL22943
CHEMBL2051, P03468, Neuraminidase, CCCCC(C)NC(=O)C(NC(C)=O)[C@H]1CC(C(=O)O)C[C@@H]1N=C(N)N, 8700.0, CHEMBL752577, CHEMBL56485
CHEMBL2051, P03468, Neuraminidase, CCCN(CCC)C(=O)C(NC(C)=O)[C@H]1C[C@](O)(C(=O)O)C[C@@H]1N=C(N)N, 4900.0, CHEMBL752577, CHEMBL58538
CHEMBL2051, P03468, Neuraminidase, CC(=O)NC(C(=O)N(C)C(C)C)[C@H]1CC(C(=O)O)C[C@@H]1N=C(N)N, 3210.0, CHEMBL752577, CHEMBL58028
CHEMBL2051, P03468, Neuraminidase, CCCN(CC1CC1)C(=O)C(NC(C)=O)[C@H]1CC(C(=O)O)C[C@@H]1N=C(N)N, 200.0, CHEMBL752577, CHEMBL292393
CHEMBL2051, P03468, Neuraminidase, CCN(CC)C(=O)C(NC(C)=O)[C@H]1CC(C(=O)O)C[C@@H]1N=C(N)N, 15.0, CHEMBL752577, CHEMBL301435
CHEMBL2051, P03468, Neuraminidase, CCC(CC)NC(=O)C(NC(C)=O)[C@H]1CC(C(=O)O)C[C@@H]1N=C(N)N, 80.0, CHEMBL752577, CHEMBL57142
CHEMBL2051, P03468, Neuraminidase, CC(=O)NC(C(=O)N1CC(C)CC(C)C1)[C@H]1CC(C(=O)O)C[C@@H]1N=C(N)N, 3500.0, CHEMBL752577, CHEMBL292198
CHEMBL2051, P03468, Neuraminidase, CC(=O)NC(C(=O)N1CCSCC1)[C@H]1CC(C(=O)O)C[C@@H]1N=C(N)N, 230.0, CHEMBL752577, CHEMBL411601
CHEMBL2051, P03468, Neuraminidase, C=CCNC(=O)C(NC(C)=O)[C@H]1CC(C(=O)O)C[C@@H]1N=C(N)N, 720.0, CHEMBL752577, CHEMBL292229
CHEMBL2051, P03468, Neuraminidase, CCCCN(CC)C(=O)C(NC(C)=O)[C@H]1CC(C(=O)O)C[C@@H]1N=C(N)N, 430.0, CHEMBL752577, CHEMBL57683
CHEMBL2051, P03468, Neuraminidase, CC(=O)NC(C(=O)N1CCCCCC1)[C@H]1CC(C(=O)O)C[C@@H]1N=C(N)N, 990.0, CHEMBL752577, CHEMBL293591
CHEMBL2051, P03468, Neuraminidase, CCCCNC(=O)C(NC(C)=O)[C@H]1CC(C(=O)O)C[C@@H]1N=C(N)N, 9900.0, CHEMBL752577, CHEMBL292620
CHEMBL2051, P03468, Neuraminidase, CCCCN(C)C(=O)C(NC(C)=O)[C@H]1CC(C(=O)O)C[C@@H]1N=C(N)N, 2400.0, CHEMBL752577, CHEMBL301478
CHEMBL2051, P03468, Neuraminidase, CC(=O)NC(C(=O)N1CCCC(C)C1)[C@H]1CC(C(=O)O)C[C@@H]1N=C(N)N, 2550.0, CHEMBL752577, CHEMBL58569
CHEMBL2051, P03468, Neuraminidase, CC(=O)NC(C(=O)N1CCCCC1)[C@H]1CC(C(=O)O)C[C@@H]1N=C(N)N, 150.0, CHEMBL752577, CHEMBL57800
CHEMBL2051, P03468, Neuraminidase, CC(=O)NC(C(=O)O)[C@@H]1CCC(=C2SCCCS2)C1, 25000.0, CHEMBL752577, CHEMBL57348
CHEMBL2051, P03468, Neuraminidase, CCN(CC)C(=O)C(NC(C)=O)[C@H]1C[C@@H](C(=O)O)C[C@@H]1N=C(N)N, 7.0, CHEMBL752577, CHEMBL299934
CHEMBL2051, P03468, Neuraminidase, CCCN(CCC)C(=O)C(NC(C)=O)[C@H]1C[C@@](O)(C(=O)O)C[C@@H]1N=C(N)N, 470.0, CHEMBL752577, CHEMBL292845
CHEMBL2051, P03468, Neuraminidase, C=CCN(C)C(=O)C(NC(C)=O)[C@H]1CC(C(=O)O)C[C@@H]1N=C(N)N, 650.0, CHEMBL752577, CHEMBL60863
CHEMBL2051, P03468, Neuraminidase, CCN(Cc1ccccc1)C(=O)C(NC(C)=O)[C@H]1CC(C(=O)O)C[C@@H]1N=C(N)N, 670.0, CHEMBL752577, CHEMBL56700
CHEMBL2051, P03468, Neuraminidase, CC(=O)NC(C(=O)N1CCCCC1C)[C@H]1CC(C(=O)O)C[C@@H]1N=C(N)N, 240.0, CHEMBL752577, CHEMBL294700
CHEMBL2051, P03468, Neuraminidase, CCN(CCO)C(=O)C(NC(C)=O)[C@H]1CC(C(=O)O)C[C@@H]1N=C(N)N, 720.0, CHEMBL752577, CHEMBL294390
CHEMBL2051, P03468, Neuraminidase, CC(=O)NC(C(=O)O)[C@@H]1CCC(=C2SCCCS2)C1, 7.0, CHEMBL752577, CHEMBL57348
CHEMBL2051, P03468, Neuraminidase, CC(=O)NC(C(=O)O)[C@@H]1CCC(=C2SCCCS2)C1, 43.0, CHEMBL752577, CHEMBL57348
CHEMBL2051, P03468, Neuraminidase, CC(=O)NC(C(=O)NC(C)CC(C)C)[C@H]1CC(C(=O)O)C[C@@H]1N=C(N)N, 8400.0, CHEMBL752577, CHEMBL57350
CHEMBL2051, P03468, Neuraminidase, CCNC(=O)C(NC(C)=O)[C@H]1CC(C(=O)O)C[C@@H]1N=C(N)N, 330.0, CHEMBL752577, CHEMBL60856
CHEMBL2051, P03468, Neuraminidase, CCCCC(CC)NC(=O)C(NC(C)=O)[C@H]1CC(C(=O)O)C[C@@H]1N=C(N)N, 1800.0, CHEMBL752577, CHEMBL59528
CHEMBL2051, P03468, Neuraminidase, CCN(CC)C(=O)C(NC(C)=O)[C@H]1C[C@@](O)(C(=O)O)C[C@@H]1N=C(N)N, 1600.0, CHEMBL752577, CHEMBL60631
CHEMBL2051, P03468, Neuraminidase, COCC(C)NC(=O)C(NC(C)=O)[C@H]1CC(C(=O)O)C[C@@H]1N=C(N)N, 4400.0, CHEMBL752577, CHEMBL301664
